warehouse_id,product_id,stock_quantity,reorder_level
WH_WEST,1,284,93
WH_NORTH,1,881,116
WH_SOUTH,1,968,167
WH_EAST,1,598,69
WH_WEST,2,752,163
WH_NORTH,2,882,82
WH_SOUTH,2,915,173
WH_EAST,2,744,77
WH_WEST,3,823,87
WH_NORTH,3,723,155
WH_SOUTH,3,247,105
WH_EAST,3,498,71
WH_WEST,4,466,125
WH_NORTH,4,620,187
WH_SOUTH,4,761,75
WH_EAST,4,179,171
WH_WEST,5,277,160
WH_NORTH,5,309,157
WH_SOUTH,5,111,88
WH_EAST,5,61,113
WH_WEST,6,148,168
WH_NORTH,6,894,166
WH_SOUTH,6,742,183
WH_EAST,6,145,90
WH_WEST,7,297,187
WH_NORTH,7,610,107
WH_SOUTH,7,978,63
WH_EAST,7,104,59
WH_WEST,8,572,147
WH_NORTH,8,493,112
WH_SOUTH,8,82,138
WH_EAST,8,707,125
WH_WEST,9,873,128
WH_NORTH,9,569,162
WH_SOUTH,9,801,190
WH_EAST,9,744,152
WH_WEST,10,429,66
WH_NORTH,10,909,133
WH_SOUTH,10,68,139
WH_EAST,10,367,76
WH_WEST,11,178,139
WH_NORTH,11,308,122
WH_SOUTH,11,311,150
WH_EAST,11,347,60
WH_WEST,12,197,72
WH_NORTH,12,836,147
WH_SOUTH,12,195,193
WH_EAST,12,607,150
WH_WEST,13,933,68
WH_NORTH,13,816,175
WH_SOUTH,13,469,130
WH_EAST,13,302,153
WH_WEST,14,90,92
WH_NORTH,14,543,54
WH_SOUTH,14,260,198
WH_EAST,14,119,124
WH_WEST,15,483,99
WH_NORTH,15,240,147
WH_SOUTH,15,423,146
WH_EAST,15,244,65
WH_WEST,16,560,176
WH_NORTH,16,156,168
WH_SOUTH,16,90,127
WH_EAST,16,399,179
WH_WEST,17,143,65
WH_NORTH,17,661,78
WH_SOUTH,17,412,63
WH_EAST,17,19,53
WH_WEST,18,267,114
WH_NORTH,18,267,87
WH_SOUTH,18,75,173
WH_EAST,18,653,111
WH_WEST,19,248,71
WH_NORTH,19,288,90
WH_SOUTH,19,163,145
WH_EAST,19,164,103
WH_WEST,20,451,106
WH_NORTH,20,792,114
WH_SOUTH,20,848,85
WH_EAST,20,46,158
WH_WEST,21,35,98
WH_NORTH,21,473,52
WH_SOUTH,21,133,198
WH_EAST,21,216,123
WH_WEST,22,909,195
WH_NORTH,22,527,171
WH_SOUTH,22,717,105
WH_EAST,22,433,127
WH_WEST,23,153,64
WH_NORTH,23,424,133
WH_SOUTH,23,835,80
WH_EAST,23,926,126
WH_WEST,24,254,51
WH_NORTH,24,846,127
WH_SOUTH,24,236,51
WH_EAST,24,615,178
WH_WEST,25,170,140
WH_NORTH,25,901,130
WH_SOUTH,25,160,89
WH_EAST,25,602,195
WH_WEST,26,472,100
WH_NORTH,26,895,154
WH_SOUTH,26,821,100
WH_EAST,26,898,59
WH_WEST,27,507,157
WH_NORTH,27,956,146
WH_SOUTH,27,153,140
WH_EAST,27,866,155
WH_WEST,28,287,139
WH_NORTH,28,318,75
WH_SOUTH,28,983,135
WH_EAST,28,8,88
WH_WEST,29,781,168
WH_NORTH,29,128,153
WH_SOUTH,29,890,86
WH_EAST,29,326,165
WH_WEST,30,293,152
WH_NORTH,30,15,139
WH_SOUTH,30,607,109
WH_EAST,30,732,188
WH_WEST,31,944,159
WH_NORTH,31,124,93
WH_SOUTH,31,352,199
WH_EAST,31,646,91
WH_WEST,32,30,126
WH_NORTH,32,335,135
WH_SOUTH,32,761,60
WH_EAST,32,494,80
WH_WEST,33,314,191
WH_NORTH,33,788,191
WH_SOUTH,33,252,112
WH_EAST,33,804,191
WH_WEST,34,346,78
WH_NORTH,34,929,60
WH_SOUTH,34,433,102
WH_EAST,34,968,61
WH_WEST,35,881,99
WH_NORTH,35,768,64
WH_SOUTH,35,897,99
WH_EAST,35,271,192
WH_WEST,36,840,72
WH_NORTH,36,824,102
WH_SOUTH,36,698,88
WH_EAST,36,650,199
WH_WEST,37,904,150
WH_NORTH,37,490,95
WH_SOUTH,37,884,179
WH_EAST,37,54,64
WH_WEST,38,885,136
WH_NORTH,38,652,83
WH_SOUTH,38,586,104
WH_EAST,38,249,152
WH_WEST,39,938,97
WH_NORTH,39,288,75
WH_SOUTH,39,226,82
WH_EAST,39,887,56
WH_WEST,40,837,81
WH_NORTH,40,399,74
WH_SOUTH,40,131,141
WH_EAST,40,468,77
WH_WEST,41,349,51
WH_NORTH,41,117,127
WH_SOUTH,41,522,197
WH_EAST,41,117,184
WH_WEST,42,236,157
WH_NORTH,42,718,137
WH_SOUTH,42,560,141
WH_EAST,42,8,94
WH_WEST,43,948,89
WH_NORTH,43,612,109
WH_SOUTH,43,351,139
WH_EAST,43,98,63
WH_WEST,44,403,64
WH_NORTH,44,451,51
WH_SOUTH,44,181,114
WH_EAST,44,612,123
WH_WEST,45,61,67
WH_NORTH,45,207,158
WH_SOUTH,45,328,186
WH_EAST,45,395,52
WH_WEST,46,396,124
WH_NORTH,46,118,138
WH_SOUTH,46,67,91
WH_EAST,46,978,172
WH_WEST,47,272,141
WH_NORTH,47,594,107
WH_SOUTH,47,855,97
WH_EAST,47,933,61
WH_WEST,48,383,122
WH_NORTH,48,477,72
WH_SOUTH,48,698,160
WH_EAST,48,907,87
WH_WEST,49,679,193
WH_NORTH,49,648,198
WH_SOUTH,49,228,169
WH_EAST,49,668,136
WH_WEST,50,757,94
WH_NORTH,50,679,60
WH_SOUTH,50,56,52
WH_EAST,50,205,161
WH_WEST,51,504,108
WH_NORTH,51,118,124
WH_SOUTH,51,962,111
WH_EAST,51,627,91
WH_WEST,52,111,183
WH_NORTH,52,264,179
WH_SOUTH,52,528,156
WH_EAST,52,409,69
WH_WEST,53,931,86
WH_NORTH,53,813,55
WH_SOUTH,53,151,142
WH_EAST,53,934,100
WH_WEST,54,262,199
WH_NORTH,54,328,66
WH_SOUTH,54,846,121
WH_EAST,54,45,139
WH_WEST,55,482,65
WH_NORTH,55,588,138
WH_SOUTH,55,609,178
WH_EAST,55,360,130
WH_WEST,56,854,130
WH_NORTH,56,869,54
WH_SOUTH,56,28,126
WH_EAST,56,351,135
WH_WEST,57,810,52
WH_NORTH,57,357,62
WH_SOUTH,57,368,190
WH_EAST,57,173,83
WH_WEST,58,700,125
WH_NORTH,58,353,118
WH_SOUTH,58,634,150
WH_EAST,58,770,150
WH_WEST,59,409,66
WH_NORTH,59,891,195
WH_SOUTH,59,488,77
WH_EAST,59,494,150
WH_WEST,60,583,92
WH_NORTH,60,67,147
WH_SOUTH,60,308,74
WH_EAST,60,479,168
WH_WEST,61,759,65
WH_NORTH,61,175,189
WH_SOUTH,61,590,124
WH_EAST,61,282,164
WH_WEST,62,894,102
WH_NORTH,62,134,192
WH_SOUTH,62,822,121
WH_EAST,62,448,52
WH_WEST,63,278,76
WH_NORTH,63,417,148
WH_SOUTH,63,918,177
WH_EAST,63,100,117
WH_WEST,64,857,51
WH_NORTH,64,282,111
WH_SOUTH,64,554,114
WH_EAST,64,92,188
WH_WEST,65,975,126
WH_NORTH,65,312,198
WH_SOUTH,65,173,99
WH_EAST,65,603,83
WH_WEST,66,618,114
WH_NORTH,66,842,63
WH_SOUTH,66,804,62
WH_EAST,66,61,67
WH_WEST,67,533,120
WH_NORTH,67,816,115
WH_SOUTH,67,972,191
WH_EAST,67,266,118
WH_WEST,68,731,175
WH_NORTH,68,252,167
WH_SOUTH,68,689,144
WH_EAST,68,98,113
WH_WEST,69,93,148
WH_NORTH,69,867,72
WH_SOUTH,69,807,102
WH_EAST,69,990,74
WH_WEST,70,868,170
WH_NORTH,70,190,141
WH_SOUTH,70,870,59
WH_EAST,70,982,158
WH_WEST,71,986,67
WH_NORTH,71,436,136
WH_SOUTH,71,431,78
WH_EAST,71,439,175
WH_WEST,72,121,158
WH_NORTH,72,710,136
WH_SOUTH,72,694,185
WH_EAST,72,359,83
WH_WEST,73,121,68
WH_NORTH,73,957,116
WH_SOUTH,73,976,96
WH_EAST,73,795,155
WH_WEST,74,538,182
WH_NORTH,74,75,164
WH_SOUTH,74,335,133
WH_EAST,74,568,160
WH_WEST,75,481,145
WH_NORTH,75,647,82
WH_SOUTH,75,134,117
WH_EAST,75,902,59
WH_WEST,76,520,131
WH_NORTH,76,206,77
WH_SOUTH,76,376,166
WH_EAST,76,111,174
WH_WEST,77,767,135
WH_NORTH,77,788,62
WH_SOUTH,77,74,160
WH_EAST,77,862,184
WH_WEST,78,925,169
WH_NORTH,78,825,155
WH_SOUTH,78,821,194
WH_EAST,78,158,77
WH_WEST,79,447,78
WH_NORTH,79,918,121
WH_SOUTH,79,837,105
WH_EAST,79,92,114
WH_WEST,80,772,196
WH_NORTH,80,505,189
WH_SOUTH,80,887,82
WH_EAST,80,306,76
WH_WEST,81,948,192
WH_NORTH,81,411,105
WH_SOUTH,81,949,125
WH_EAST,81,484,161
WH_WEST,82,765,151
WH_NORTH,82,533,137
WH_SOUTH,82,119,69
WH_EAST,82,990,133
WH_WEST,83,728,115
WH_NORTH,83,799,195
WH_SOUTH,83,444,161
WH_EAST,83,870,167
WH_WEST,84,62,150
WH_NORTH,84,176,75
WH_SOUTH,84,324,64
WH_EAST,84,36,152
WH_WEST,85,316,161
WH_NORTH,85,723,139
WH_SOUTH,85,673,178
WH_EAST,85,738,191
WH_WEST,86,70,119
WH_NORTH,86,112,57
WH_SOUTH,86,251,116
WH_EAST,86,954,193
WH_WEST,87,632,192
WH_NORTH,87,550,167
WH_SOUTH,87,900,166
WH_EAST,87,841,142
WH_WEST,88,579,99
WH_NORTH,88,908,172
WH_SOUTH,88,924,119
WH_EAST,88,510,81
WH_WEST,89,140,162
WH_NORTH,89,547,69
WH_SOUTH,89,913,162
WH_EAST,89,969,186
WH_WEST,90,516,74
WH_NORTH,90,589,173
WH_SOUTH,90,118,93
WH_EAST,90,102,118
WH_WEST,91,748,151
WH_NORTH,91,872,156
WH_SOUTH,91,890,190
WH_EAST,91,121,119
WH_WEST,92,894,68
WH_NORTH,92,444,114
WH_SOUTH,92,807,166
WH_EAST,92,232,98
WH_WEST,93,708,148
WH_NORTH,93,53,161
WH_SOUTH,93,960,88
WH_EAST,93,230,72
WH_WEST,94,757,190
WH_NORTH,94,920,67
WH_SOUTH,94,9,197
WH_EAST,94,720,116
WH_WEST,95,403,139
WH_NORTH,95,959,116
WH_SOUTH,95,571,145
WH_EAST,95,336,142
WH_WEST,96,335,97
WH_NORTH,96,209,152
WH_SOUTH,96,104,95
WH_EAST,96,197,78
WH_WEST,97,518,169
WH_NORTH,97,247,155
WH_SOUTH,97,221,108
WH_EAST,97,1,107
WH_WEST,98,810,151
WH_NORTH,98,547,109
WH_SOUTH,98,817,57
WH_EAST,98,617,198
WH_WEST,99,940,131
WH_NORTH,99,298,193
WH_SOUTH,99,555,111
WH_EAST,99,708,116
WH_WEST,100,465,190
WH_NORTH,100,33,192
WH_SOUTH,100,386,141
WH_EAST,100,874,123
WH_WEST,101,453,186
WH_NORTH,101,476,56
WH_SOUTH,101,136,89
WH_EAST,101,821,176
WH_WEST,102,821,178
WH_NORTH,102,456,158
WH_SOUTH,102,123,108
WH_EAST,102,596,165
WH_WEST,103,154,135
WH_NORTH,103,47,89
WH_SOUTH,103,304,183
WH_EAST,103,191,66
WH_WEST,104,596,62
WH_NORTH,104,164,75
WH_SOUTH,104,267,154
WH_EAST,104,19,112
WH_WEST,105,105,97
WH_NORTH,105,446,77
WH_SOUTH,105,946,198
WH_EAST,105,354,171
WH_WEST,106,416,162
WH_NORTH,106,114,77
WH_SOUTH,106,163,137
WH_EAST,106,864,135
WH_WEST,107,953,102
WH_NORTH,107,862,185
WH_SOUTH,107,63,71
WH_EAST,107,54,174
WH_WEST,108,621,121
WH_NORTH,108,148,173
WH_SOUTH,108,31,108
WH_EAST,108,860,132
WH_WEST,109,38,136
WH_NORTH,109,35,110
WH_SOUTH,109,311,135
WH_EAST,109,95,159
WH_WEST,110,847,97
WH_NORTH,110,604,164
WH_SOUTH,110,962,183
WH_EAST,110,748,55
WH_WEST,111,106,144
WH_NORTH,111,528,53
WH_SOUTH,111,485,67
WH_EAST,111,496,50
WH_WEST,112,196,125
WH_NORTH,112,198,173
WH_SOUTH,112,967,175
WH_EAST,112,583,128
WH_WEST,113,385,140
WH_NORTH,113,263,178
WH_SOUTH,113,235,180
WH_EAST,113,394,144
WH_WEST,114,348,172
WH_NORTH,114,989,101
WH_SOUTH,114,343,103
WH_EAST,114,538,76
WH_WEST,115,639,195
WH_NORTH,115,240,110
WH_SOUTH,115,354,100
WH_EAST,115,521,95
WH_WEST,116,113,130
WH_NORTH,116,126,188
WH_SOUTH,116,989,187
WH_EAST,116,86,166
WH_WEST,117,37,85
WH_NORTH,117,840,177
WH_SOUTH,117,609,156
WH_EAST,117,67,50
WH_WEST,118,348,64
WH_NORTH,118,384,108
WH_SOUTH,118,177,181
WH_EAST,118,135,110
WH_WEST,119,955,153
WH_NORTH,119,166,62
WH_SOUTH,119,399,152
WH_EAST,119,252,163
WH_WEST,120,713,83
WH_NORTH,120,430,136
WH_SOUTH,120,734,120
WH_EAST,120,120,109
WH_WEST,121,159,120
WH_NORTH,121,767,102
WH_SOUTH,121,662,121
WH_EAST,121,730,114
WH_WEST,122,231,174
WH_NORTH,122,828,179
WH_SOUTH,122,538,120
WH_EAST,122,91,194
WH_WEST,123,16,50
WH_NORTH,123,133,140
WH_SOUTH,123,871,179
WH_EAST,123,292,165
WH_WEST,124,212,132
WH_NORTH,124,30,55
WH_SOUTH,124,259,79
WH_EAST,124,99,92
WH_WEST,125,106,187
WH_NORTH,125,866,86
WH_SOUTH,125,207,80
WH_EAST,125,529,178
WH_WEST,126,316,59
WH_NORTH,126,15,138
WH_SOUTH,126,995,106
WH_EAST,126,423,184
WH_WEST,127,437,66
WH_NORTH,127,123,183
WH_SOUTH,127,534,110
WH_EAST,127,77,145
WH_WEST,128,624,157
WH_NORTH,128,754,167
WH_SOUTH,128,192,141
WH_EAST,128,536,80
WH_WEST,129,88,89
WH_NORTH,129,656,156
WH_SOUTH,129,631,183
WH_EAST,129,610,128
WH_WEST,130,412,185
WH_NORTH,130,343,88
WH_SOUTH,130,212,115
WH_EAST,130,640,126
WH_WEST,131,722,174
WH_NORTH,131,810,134
WH_SOUTH,131,568,136
WH_EAST,131,448,92
WH_WEST,132,100,131
WH_NORTH,132,807,155
WH_SOUTH,132,390,117
WH_EAST,132,275,115
WH_WEST,133,631,159
WH_NORTH,133,317,172
WH_SOUTH,133,155,104
WH_EAST,133,156,89
WH_WEST,134,479,74
WH_NORTH,134,165,100
WH_SOUTH,134,543,189
WH_EAST,134,22,103
WH_WEST,135,130,127
WH_NORTH,135,85,75
WH_SOUTH,135,423,137
WH_EAST,135,994,77
WH_WEST,136,444,109
WH_NORTH,136,839,179
WH_SOUTH,136,509,132
WH_EAST,136,306,82
WH_WEST,137,161,107
WH_NORTH,137,592,72
WH_SOUTH,137,103,87
WH_EAST,137,247,100
WH_WEST,138,148,142
WH_NORTH,138,56,66
WH_SOUTH,138,911,86
WH_EAST,138,709,124
WH_WEST,139,497,145
WH_NORTH,139,83,57
WH_SOUTH,139,3,153
WH_EAST,139,902,159
WH_WEST,140,856,183
WH_NORTH,140,80,53
WH_SOUTH,140,362,162
WH_EAST,140,99,155
WH_WEST,141,386,76
WH_NORTH,141,359,51
WH_SOUTH,141,0,91
WH_EAST,141,969,108
WH_WEST,142,881,161
WH_NORTH,142,413,175
WH_SOUTH,142,502,52
WH_EAST,142,223,84
WH_WEST,143,87,117
WH_NORTH,143,19,183
WH_SOUTH,143,312,175
WH_EAST,143,80,131
WH_WEST,144,617,177
WH_NORTH,144,977,152
WH_SOUTH,144,377,128
WH_EAST,144,81,150
WH_WEST,145,281,98
WH_NORTH,145,397,178
WH_SOUTH,145,91,176
WH_EAST,145,902,87
WH_WEST,146,411,132
WH_NORTH,146,342,111
WH_SOUTH,146,838,179
WH_EAST,146,630,176
WH_WEST,147,420,96
WH_NORTH,147,888,153
WH_SOUTH,147,512,191
WH_EAST,147,509,176
WH_WEST,148,251,111
WH_NORTH,148,33,94
WH_SOUTH,148,876,193
WH_EAST,148,309,185
WH_WEST,149,734,109
WH_NORTH,149,179,128
WH_SOUTH,149,256,101
WH_EAST,149,80,59
WH_WEST,150,91,120
WH_NORTH,150,401,119
WH_SOUTH,150,795,145
WH_EAST,150,258,89
WH_WEST,151,229,91
WH_NORTH,151,399,143
WH_SOUTH,151,828,70
WH_EAST,151,249,136
WH_WEST,152,15,61
WH_NORTH,152,392,147
WH_SOUTH,152,417,187
WH_EAST,152,202,148
WH_WEST,153,283,129
WH_NORTH,153,820,142
WH_SOUTH,153,107,144
WH_EAST,153,634,167
WH_WEST,154,278,156
WH_NORTH,154,680,155
WH_SOUTH,154,75,55
WH_EAST,154,117,125
WH_WEST,155,781,71
WH_NORTH,155,788,132
WH_SOUTH,155,172,85
WH_EAST,155,814,91
WH_WEST,156,441,174
WH_NORTH,156,509,136
WH_SOUTH,156,156,98
WH_EAST,156,742,100
WH_WEST,157,232,164
WH_NORTH,157,759,144
WH_SOUTH,157,820,135
WH_EAST,157,225,187
WH_WEST,158,516,81
WH_NORTH,158,283,148
WH_SOUTH,158,840,119
WH_EAST,158,481,156
WH_WEST,159,478,195
WH_NORTH,159,556,189
WH_SOUTH,159,886,120
WH_EAST,159,695,112
WH_WEST,160,57,183
WH_NORTH,160,665,66
WH_SOUTH,160,706,72
WH_EAST,160,590,181
WH_WEST,161,368,125
WH_NORTH,161,283,95
WH_SOUTH,161,829,103
WH_EAST,161,363,59
WH_WEST,162,929,173
WH_NORTH,162,611,151
WH_SOUTH,162,890,192
WH_EAST,162,69,176
WH_WEST,163,871,171
WH_NORTH,163,831,82
WH_SOUTH,163,989,93
WH_EAST,163,675,191
WH_WEST,164,439,147
WH_NORTH,164,739,65
WH_SOUTH,164,939,75
WH_EAST,164,850,105
WH_WEST,165,785,61
WH_NORTH,165,504,94
WH_SOUTH,165,231,93
WH_EAST,165,374,120
WH_WEST,166,674,104
WH_NORTH,166,318,114
WH_SOUTH,166,967,95
WH_EAST,166,457,143
WH_WEST,167,982,164
WH_NORTH,167,857,86
WH_SOUTH,167,261,90
WH_EAST,167,776,154
WH_WEST,168,122,135
WH_NORTH,168,779,197
WH_SOUTH,168,834,100
WH_EAST,168,99,88
WH_WEST,169,344,196
WH_NORTH,169,392,156
WH_SOUTH,169,424,83
WH_EAST,169,91,168
WH_WEST,170,735,155
WH_NORTH,170,189,153
WH_SOUTH,170,815,102
WH_EAST,170,134,187
WH_WEST,171,133,84
WH_NORTH,171,110,86
WH_SOUTH,171,873,94
WH_EAST,171,354,82
WH_WEST,172,327,164
WH_NORTH,172,347,141
WH_SOUTH,172,949,142
WH_EAST,172,65,148
WH_WEST,173,882,120
WH_NORTH,173,66,145
WH_SOUTH,173,348,162
WH_EAST,173,85,125
WH_WEST,174,285,186
WH_NORTH,174,678,85
WH_SOUTH,174,895,191
WH_EAST,174,937,174
WH_WEST,175,918,172
WH_NORTH,175,994,150
WH_SOUTH,175,177,170
WH_EAST,175,628,176
WH_WEST,176,808,127
WH_NORTH,176,961,131
WH_SOUTH,176,271,85
WH_EAST,176,54,135
WH_WEST,177,853,91
WH_NORTH,177,628,148
WH_SOUTH,177,558,134
WH_EAST,177,416,122
WH_WEST,178,405,100
WH_NORTH,178,426,113
WH_SOUTH,178,109,96
WH_EAST,178,415,90
WH_WEST,179,249,81
WH_NORTH,179,761,70
WH_SOUTH,179,853,193
WH_EAST,179,580,159
WH_WEST,180,99,100
WH_NORTH,180,996,55
WH_SOUTH,180,744,131
WH_EAST,180,123,71
WH_WEST,181,734,155
WH_NORTH,181,681,189
WH_SOUTH,181,808,56
WH_EAST,181,708,154
WH_WEST,182,499,87
WH_NORTH,182,232,79
WH_SOUTH,182,573,153
WH_EAST,182,287,112
WH_WEST,183,24,87
WH_NORTH,183,116,158
WH_SOUTH,183,750,98
WH_EAST,183,143,151
WH_WEST,184,698,184
WH_NORTH,184,575,121
WH_SOUTH,184,91,149
WH_EAST,184,580,87
WH_WEST,185,759,150
WH_NORTH,185,289,77
WH_SOUTH,185,254,61
WH_EAST,185,948,79
WH_WEST,186,81,129
WH_NORTH,186,470,93
WH_SOUTH,186,303,61
WH_EAST,186,913,54
WH_WEST,187,108,179
WH_NORTH,187,818,92
WH_SOUTH,187,876,132
WH_EAST,187,614,126
WH_WEST,188,269,70
WH_NORTH,188,518,135
WH_SOUTH,188,596,178
WH_EAST,188,583,176
WH_WEST,189,718,82
WH_NORTH,189,819,73
WH_SOUTH,189,186,180
WH_EAST,189,849,140
WH_WEST,190,963,80
WH_NORTH,190,848,158
WH_SOUTH,190,205,117
WH_EAST,190,384,135
WH_WEST,191,502,136
WH_NORTH,191,192,89
WH_SOUTH,191,368,86
WH_EAST,191,324,179
WH_WEST,192,731,168
WH_NORTH,192,493,113
WH_SOUTH,192,79,133
WH_EAST,192,935,61
WH_WEST,193,940,112
WH_NORTH,193,699,53
WH_SOUTH,193,749,155
WH_EAST,193,198,63
WH_WEST,194,531,78
WH_NORTH,194,725,191
WH_SOUTH,194,674,171
WH_EAST,194,20,105
WH_WEST,195,464,83
WH_NORTH,195,14,138
WH_SOUTH,195,930,128
WH_EAST,195,470,77
WH_WEST,196,332,180
WH_NORTH,196,193,130
WH_SOUTH,196,33,88
WH_EAST,196,73,62
WH_WEST,197,696,158
WH_NORTH,197,787,77
WH_SOUTH,197,366,170
WH_EAST,197,493,114
WH_WEST,198,578,199
WH_NORTH,198,493,81
WH_SOUTH,198,260,142
WH_EAST,198,289,184
WH_WEST,199,973,71
WH_NORTH,199,160,151
WH_SOUTH,199,89,74
WH_EAST,199,715,114
WH_WEST,200,468,157
WH_NORTH,200,354,105
WH_SOUTH,200,202,99
WH_EAST,200,517,133
WH_WEST,201,140,69
WH_NORTH,201,120,145
WH_SOUTH,201,449,77
WH_EAST,201,101,53
WH_WEST,202,988,132
WH_NORTH,202,693,57
WH_SOUTH,202,68,105
WH_EAST,202,269,145
WH_WEST,203,716,112
WH_NORTH,203,375,80
WH_SOUTH,203,834,65
WH_EAST,203,24,195
WH_WEST,204,719,98
WH_NORTH,204,784,168
WH_SOUTH,204,266,156
WH_EAST,204,251,87
WH_WEST,205,573,61
WH_NORTH,205,80,195
WH_SOUTH,205,537,51
WH_EAST,205,18,78
WH_WEST,206,622,121
WH_NORTH,206,921,198
WH_SOUTH,206,436,125
WH_EAST,206,125,147
WH_WEST,207,731,79
WH_NORTH,207,350,156
WH_SOUTH,207,351,63
WH_EAST,207,126,191
WH_WEST,208,951,151
WH_NORTH,208,2,189
WH_SOUTH,208,404,140
WH_EAST,208,226,57
WH_WEST,209,118,64
WH_NORTH,209,175,173
WH_SOUTH,209,440,98
WH_EAST,209,976,65
WH_WEST,210,370,142
WH_NORTH,210,683,99
WH_SOUTH,210,738,123
WH_EAST,210,92,193
WH_WEST,211,378,83
WH_NORTH,211,464,137
WH_SOUTH,211,486,91
WH_EAST,211,70,100
WH_WEST,212,818,73
WH_NORTH,212,595,54
WH_SOUTH,212,966,131
WH_EAST,212,942,139
WH_WEST,213,627,62
WH_NORTH,213,93,54
WH_SOUTH,213,85,132
WH_EAST,213,129,163
WH_WEST,214,430,121
WH_NORTH,214,648,143
WH_SOUTH,214,485,190
WH_EAST,214,73,60
WH_WEST,215,734,63
WH_NORTH,215,288,62
WH_SOUTH,215,111,109
WH_EAST,215,683,73
WH_WEST,216,188,95
WH_NORTH,216,925,100
WH_SOUTH,216,749,189
WH_EAST,216,861,119
WH_WEST,217,30,138
WH_NORTH,217,606,177
WH_SOUTH,217,958,140
WH_EAST,217,993,50
WH_WEST,218,53,113
WH_NORTH,218,74,128
WH_SOUTH,218,938,109
WH_EAST,218,519,80
WH_WEST,219,97,181
WH_NORTH,219,179,62
WH_SOUTH,219,330,159
WH_EAST,219,930,72
WH_WEST,220,755,146
WH_NORTH,220,654,183
WH_SOUTH,220,520,168
WH_EAST,220,74,58
WH_WEST,221,265,58
WH_NORTH,221,746,103
WH_SOUTH,221,310,128
WH_EAST,221,942,134
WH_WEST,222,313,137
WH_NORTH,222,790,104
WH_SOUTH,222,513,131
WH_EAST,222,453,75
WH_WEST,223,129,167
WH_NORTH,223,114,198
WH_SOUTH,223,3,171
WH_EAST,223,227,122
WH_WEST,224,329,171
WH_NORTH,224,206,179
WH_SOUTH,224,259,113
WH_EAST,224,12,53
WH_WEST,225,777,169
WH_NORTH,225,97,183
WH_SOUTH,225,805,153
WH_EAST,225,360,131
WH_WEST,226,17,127
WH_NORTH,226,623,156
WH_SOUTH,226,765,184
WH_EAST,226,903,135
WH_WEST,227,145,116
WH_NORTH,227,534,154
WH_SOUTH,227,738,63
WH_EAST,227,576,187
WH_WEST,228,775,142
WH_NORTH,228,62,67
WH_SOUTH,228,102,88
WH_EAST,228,841,129
WH_WEST,229,112,120
WH_NORTH,229,380,73
WH_SOUTH,229,106,130
WH_EAST,229,863,140
WH_WEST,230,838,137
WH_NORTH,230,251,112
WH_SOUTH,230,129,135
WH_EAST,230,237,161
WH_WEST,231,243,99
WH_NORTH,231,483,170
WH_SOUTH,231,182,172
WH_EAST,231,519,129
WH_WEST,232,607,86
WH_NORTH,232,781,103
WH_SOUTH,232,711,155
WH_EAST,232,217,184
WH_WEST,233,466,62
WH_NORTH,233,725,147
WH_SOUTH,233,211,117
WH_EAST,233,264,186
WH_WEST,234,619,125
WH_NORTH,234,698,119
WH_SOUTH,234,694,98
WH_EAST,234,419,122
WH_WEST,235,276,136
WH_NORTH,235,204,196
WH_SOUTH,235,510,93
WH_EAST,235,281,151
WH_WEST,236,754,92
WH_NORTH,236,34,108
WH_SOUTH,236,101,169
WH_EAST,236,58,53
WH_WEST,237,188,172
WH_NORTH,237,656,55
WH_SOUTH,237,520,181
WH_EAST,237,143,187
WH_WEST,238,349,121
WH_NORTH,238,926,193
WH_SOUTH,238,655,60
WH_EAST,238,391,117
WH_WEST,239,265,101
WH_NORTH,239,669,164
WH_SOUTH,239,625,110
WH_EAST,239,890,144
WH_WEST,240,542,60
WH_NORTH,240,339,176
WH_SOUTH,240,379,66
WH_EAST,240,536,181
WH_WEST,241,996,115
WH_NORTH,241,482,94
WH_SOUTH,241,937,120
WH_EAST,241,308,118
WH_WEST,242,320,126
WH_NORTH,242,389,96
WH_SOUTH,242,582,127
WH_EAST,242,188,166
WH_WEST,243,425,118
WH_NORTH,243,51,126
WH_SOUTH,243,464,81
WH_EAST,243,920,183
WH_WEST,244,532,83
WH_NORTH,244,114,55
WH_SOUTH,244,390,100
WH_EAST,244,428,125
WH_WEST,245,260,135
WH_NORTH,245,939,120
WH_SOUTH,245,537,125
WH_EAST,245,423,195
WH_WEST,246,754,176
WH_NORTH,246,270,139
WH_SOUTH,246,858,124
WH_EAST,246,158,173
WH_WEST,247,606,105
WH_NORTH,247,325,174
WH_SOUTH,247,761,128
WH_EAST,247,647,96
WH_WEST,248,708,152
WH_NORTH,248,160,140
WH_SOUTH,248,352,166
WH_EAST,248,530,144
WH_WEST,249,337,189
WH_NORTH,249,419,70
WH_SOUTH,249,515,88
WH_EAST,249,409,110
WH_WEST,250,340,116
WH_NORTH,250,281,79
WH_SOUTH,250,649,95
WH_EAST,250,94,173
WH_WEST,251,402,56
WH_NORTH,251,753,135
WH_SOUTH,251,982,99
WH_EAST,251,660,82
WH_WEST,252,700,167
WH_NORTH,252,415,65
WH_SOUTH,252,791,120
WH_EAST,252,288,92
WH_WEST,253,957,76
WH_NORTH,253,628,105
WH_SOUTH,253,610,62
WH_EAST,253,485,81
WH_WEST,254,776,109
WH_NORTH,254,274,64
WH_SOUTH,254,899,116
WH_EAST,254,738,170
WH_WEST,255,15,50
WH_NORTH,255,121,144
WH_SOUTH,255,92,165
WH_EAST,255,382,97
WH_WEST,256,758,94
WH_NORTH,256,525,167
WH_SOUTH,256,506,145
WH_EAST,256,590,151
WH_WEST,257,221,102
WH_NORTH,257,896,181
WH_SOUTH,257,455,138
WH_EAST,257,729,129
WH_WEST,258,766,76
WH_NORTH,258,301,64
WH_SOUTH,258,876,75
WH_EAST,258,838,186
WH_WEST,259,807,132
WH_NORTH,259,568,67
WH_SOUTH,259,0,125
WH_EAST,259,518,85
WH_WEST,260,790,198
WH_NORTH,260,14,157
WH_SOUTH,260,778,119
WH_EAST,260,552,70
WH_WEST,261,630,70
WH_NORTH,261,594,138
WH_SOUTH,261,860,127
WH_EAST,261,468,195
WH_WEST,262,798,84
WH_NORTH,262,890,160
WH_SOUTH,262,342,59
WH_EAST,262,745,76
WH_WEST,263,983,186
WH_NORTH,263,13,75
WH_SOUTH,263,244,125
WH_EAST,263,157,80
WH_WEST,264,236,158
WH_NORTH,264,926,175
WH_SOUTH,264,680,131
WH_EAST,264,297,93
WH_WEST,265,125,104
WH_NORTH,265,761,158
WH_SOUTH,265,332,63
WH_EAST,265,517,177
WH_WEST,266,455,199
WH_NORTH,266,859,67
WH_SOUTH,266,732,83
WH_EAST,266,894,174
WH_WEST,267,317,144
WH_NORTH,267,581,192
WH_SOUTH,267,613,55
WH_EAST,267,552,159
WH_WEST,268,610,116
WH_NORTH,268,397,122
WH_SOUTH,268,8,149
WH_EAST,268,254,56
WH_WEST,269,470,97
WH_NORTH,269,652,198
WH_SOUTH,269,609,87
WH_EAST,269,370,159
WH_WEST,270,867,87
WH_NORTH,270,238,95
WH_SOUTH,270,893,167
WH_EAST,270,290,124
WH_WEST,271,200,138
WH_NORTH,271,774,86
WH_SOUTH,271,905,126
WH_EAST,271,543,153
WH_WEST,272,120,79
WH_NORTH,272,241,143
WH_SOUTH,272,938,196
WH_EAST,272,260,169
WH_WEST,273,213,98
WH_NORTH,273,696,141
WH_SOUTH,273,42,179
WH_EAST,273,450,118
WH_WEST,274,703,139
WH_NORTH,274,4,87
WH_SOUTH,274,809,124
WH_EAST,274,968,191
WH_WEST,275,958,137
WH_NORTH,275,350,197
WH_SOUTH,275,152,188
WH_EAST,275,843,172
WH_WEST,276,644,50
WH_NORTH,276,569,163
WH_SOUTH,276,708,181
WH_EAST,276,148,113
WH_WEST,277,264,103
WH_NORTH,277,690,171
WH_SOUTH,277,196,66
WH_EAST,277,84,158
WH_WEST,278,767,170
WH_NORTH,278,945,102
WH_SOUTH,278,443,134
WH_EAST,278,860,172
WH_WEST,279,670,183
WH_NORTH,279,677,148
WH_SOUTH,279,453,198
WH_EAST,279,996,163
WH_WEST,280,354,188
WH_NORTH,280,859,69
WH_SOUTH,280,489,188
WH_EAST,280,571,143
WH_WEST,281,263,74
WH_NORTH,281,996,189
WH_SOUTH,281,666,147
WH_EAST,281,268,112
WH_WEST,282,511,149
WH_NORTH,282,676,130
WH_SOUTH,282,345,164
WH_EAST,282,307,194
WH_WEST,283,298,157
WH_NORTH,283,82,148
WH_SOUTH,283,703,146
WH_EAST,283,576,58
WH_WEST,284,856,174
WH_NORTH,284,495,122
WH_SOUTH,284,285,169
WH_EAST,284,681,75
WH_WEST,285,761,199
WH_NORTH,285,20,107
WH_SOUTH,285,512,180
WH_EAST,285,708,125
WH_WEST,286,772,87
WH_NORTH,286,88,149
WH_SOUTH,286,981,73
WH_EAST,286,35,171
WH_WEST,287,261,136
WH_NORTH,287,651,64
WH_SOUTH,287,405,159
WH_EAST,287,541,65
WH_WEST,288,637,96
WH_NORTH,288,329,94
WH_SOUTH,288,592,74
WH_EAST,288,182,149
WH_WEST,289,973,188
WH_NORTH,289,414,115
WH_SOUTH,289,485,112
WH_EAST,289,297,73
WH_WEST,290,732,101
WH_NORTH,290,18,141
WH_SOUTH,290,114,184
WH_EAST,290,632,54
WH_WEST,291,165,139
WH_NORTH,291,231,147
WH_SOUTH,291,16,96
WH_EAST,291,513,135
WH_WEST,292,882,106
WH_NORTH,292,928,123
WH_SOUTH,292,17,97
WH_EAST,292,406,82
WH_WEST,293,104,143
WH_NORTH,293,661,83
WH_SOUTH,293,281,172
WH_EAST,293,205,141
WH_WEST,294,667,134
WH_NORTH,294,471,88
WH_SOUTH,294,901,137
WH_EAST,294,120,130
WH_WEST,295,148,111
WH_NORTH,295,470,56
WH_SOUTH,295,462,97
WH_EAST,295,799,82
WH_WEST,296,429,146
WH_NORTH,296,120,130
WH_SOUTH,296,997,92
WH_EAST,296,984,52
WH_WEST,297,721,91
WH_NORTH,297,817,111
WH_SOUTH,297,44,133
WH_EAST,297,84,141
WH_WEST,298,668,60
WH_NORTH,298,602,157
WH_SOUTH,298,489,170
WH_EAST,298,983,60
WH_WEST,299,997,146
WH_NORTH,299,926,52
WH_SOUTH,299,97,92
WH_EAST,299,682,177
WH_WEST,300,926,63
WH_NORTH,300,350,163
WH_SOUTH,300,363,182
WH_EAST,300,398,188
WH_WEST,301,233,183
WH_NORTH,301,443,192
WH_SOUTH,301,138,132
WH_EAST,301,364,111
WH_WEST,302,514,100
WH_NORTH,302,327,161
WH_SOUTH,302,162,169
WH_EAST,302,133,67
WH_WEST,303,974,156
WH_NORTH,303,824,95
WH_SOUTH,303,661,67
WH_EAST,303,394,65
WH_WEST,304,139,127
WH_NORTH,304,724,89
WH_SOUTH,304,705,92
WH_EAST,304,402,104
WH_WEST,305,61,110
WH_NORTH,305,237,87
WH_SOUTH,305,1,108
WH_EAST,305,880,133
WH_WEST,306,997,118
WH_NORTH,306,370,154
WH_SOUTH,306,593,177
WH_EAST,306,933,199
WH_WEST,307,243,54
WH_NORTH,307,135,184
WH_SOUTH,307,938,173
WH_EAST,307,687,101
WH_WEST,308,746,178
WH_NORTH,308,200,64
WH_SOUTH,308,113,197
WH_EAST,308,474,80
WH_WEST,309,579,181
WH_NORTH,309,253,67
WH_SOUTH,309,683,178
WH_EAST,309,748,179
WH_WEST,310,721,177
WH_NORTH,310,318,163
WH_SOUTH,310,469,80
WH_EAST,310,472,85
WH_WEST,311,848,57
WH_NORTH,311,462,153
WH_SOUTH,311,541,94
WH_EAST,311,699,87
WH_WEST,312,588,185
WH_NORTH,312,973,60
WH_SOUTH,312,38,117
WH_EAST,312,258,175
WH_WEST,313,922,178
WH_NORTH,313,50,155
WH_SOUTH,313,984,112
WH_EAST,313,334,143
WH_WEST,314,247,107
WH_NORTH,314,405,114
WH_SOUTH,314,153,185
WH_EAST,314,362,76
WH_WEST,315,577,114
WH_NORTH,315,363,116
WH_SOUTH,315,943,177
WH_EAST,315,64,156
WH_WEST,316,418,183
WH_NORTH,316,471,115
WH_SOUTH,316,747,155
WH_EAST,316,143,198
WH_WEST,317,594,174
WH_NORTH,317,656,116
WH_SOUTH,317,157,181
WH_EAST,317,234,181
WH_WEST,318,564,196
WH_NORTH,318,295,123
WH_SOUTH,318,176,101
WH_EAST,318,226,195
WH_WEST,319,525,78
WH_NORTH,319,909,116
WH_SOUTH,319,734,178
WH_EAST,319,356,102
WH_WEST,320,775,71
WH_NORTH,320,283,184
WH_SOUTH,320,832,60
WH_EAST,320,787,66
WH_WEST,321,923,101
WH_NORTH,321,710,85
WH_SOUTH,321,210,124
WH_EAST,321,609,111
WH_WEST,322,84,62
WH_NORTH,322,414,78
WH_SOUTH,322,858,195
WH_EAST,322,425,123
WH_WEST,323,423,147
WH_NORTH,323,418,156
WH_SOUTH,323,147,102
WH_EAST,323,223,82
WH_WEST,324,416,147
WH_NORTH,324,551,134
WH_SOUTH,324,142,170
WH_EAST,324,859,127
WH_WEST,325,466,87
WH_NORTH,325,45,155
WH_SOUTH,325,515,53
WH_EAST,325,319,177
WH_WEST,326,729,148
WH_NORTH,326,651,194
WH_SOUTH,326,962,174
WH_EAST,326,924,150
WH_WEST,327,635,171
WH_NORTH,327,587,112
WH_SOUTH,327,185,115
WH_EAST,327,937,142
WH_WEST,328,699,78
WH_NORTH,328,214,166
WH_SOUTH,328,520,94
WH_EAST,328,61,89
WH_WEST,329,916,88
WH_NORTH,329,175,148
WH_SOUTH,329,800,121
WH_EAST,329,285,85
WH_WEST,330,672,67
WH_NORTH,330,887,106
WH_SOUTH,330,187,74
WH_EAST,330,423,138
WH_WEST,331,940,78
WH_NORTH,331,771,92
WH_SOUTH,331,995,103
WH_EAST,331,938,54
WH_WEST,332,278,149
WH_NORTH,332,188,66
WH_SOUTH,332,10,151
WH_EAST,332,44,186
WH_WEST,333,890,181
WH_NORTH,333,500,91
WH_SOUTH,333,714,169
WH_EAST,333,315,123
WH_WEST,334,548,185
WH_NORTH,334,938,182
WH_SOUTH,334,288,73
WH_EAST,334,659,149
WH_WEST,335,856,194
WH_NORTH,335,390,84
WH_SOUTH,335,730,91
WH_EAST,335,757,192
WH_WEST,336,347,144
WH_NORTH,336,647,172
WH_SOUTH,336,878,85
WH_EAST,336,672,84
WH_WEST,337,537,66
WH_NORTH,337,884,107
WH_SOUTH,337,781,65
WH_EAST,337,372,55
WH_WEST,338,415,152
WH_NORTH,338,474,179
WH_SOUTH,338,371,125
WH_EAST,338,310,195
WH_WEST,339,804,169
WH_NORTH,339,334,79
WH_SOUTH,339,9,78
WH_EAST,339,846,186
WH_WEST,340,290,157
WH_NORTH,340,904,197
WH_SOUTH,340,71,115
WH_EAST,340,883,99
WH_WEST,341,84,190
WH_NORTH,341,281,165
WH_SOUTH,341,698,135
WH_EAST,341,618,86
WH_WEST,342,634,146
WH_NORTH,342,464,153
WH_SOUTH,342,251,115
WH_EAST,342,614,106
WH_WEST,343,73,94
WH_NORTH,343,153,113
WH_SOUTH,343,119,182
WH_EAST,343,705,75
WH_WEST,344,55,98
WH_NORTH,344,370,124
WH_SOUTH,344,589,117
WH_EAST,344,240,194
WH_WEST,345,347,90
WH_NORTH,345,133,96
WH_SOUTH,345,120,184
WH_EAST,345,440,58
WH_WEST,346,196,92
WH_NORTH,346,678,77
WH_SOUTH,346,933,116
WH_EAST,346,659,188
WH_WEST,347,227,195
WH_NORTH,347,813,67
WH_SOUTH,347,526,87
WH_EAST,347,929,111
WH_WEST,348,865,58
WH_NORTH,348,459,151
WH_SOUTH,348,694,77
WH_EAST,348,575,94
WH_WEST,349,346,60
WH_NORTH,349,980,191
WH_SOUTH,349,628,64
WH_EAST,349,916,196
WH_WEST,350,731,59
WH_NORTH,350,262,94
WH_SOUTH,350,866,162
WH_EAST,350,94,141
WH_WEST,351,144,173
WH_NORTH,351,78,97
WH_SOUTH,351,38,62
WH_EAST,351,34,76
WH_WEST,352,653,192
WH_NORTH,352,579,50
WH_SOUTH,352,394,60
WH_EAST,352,633,95
WH_WEST,353,59,119
WH_NORTH,353,47,83
WH_SOUTH,353,976,165
WH_EAST,353,982,72
WH_WEST,354,784,149
WH_NORTH,354,666,189
WH_SOUTH,354,578,159
WH_EAST,354,711,156
WH_WEST,355,155,97
WH_NORTH,355,324,109
WH_SOUTH,355,672,109
WH_EAST,355,836,136
WH_WEST,356,988,116
WH_NORTH,356,526,76
WH_SOUTH,356,940,178
WH_EAST,356,54,65
WH_WEST,357,876,72
WH_NORTH,357,735,131
WH_SOUTH,357,639,165
WH_EAST,357,695,116
WH_WEST,358,395,165
WH_NORTH,358,318,79
WH_SOUTH,358,762,185
WH_EAST,358,402,143
WH_WEST,359,17,89
WH_NORTH,359,790,131
WH_SOUTH,359,330,60
WH_EAST,359,399,131
WH_WEST,360,939,182
WH_NORTH,360,201,185
WH_SOUTH,360,491,170
WH_EAST,360,547,166
WH_WEST,361,984,158
WH_NORTH,361,789,68
WH_SOUTH,361,431,183
WH_EAST,361,960,101
WH_WEST,362,736,55
WH_NORTH,362,173,179
WH_SOUTH,362,893,60
WH_EAST,362,258,153
WH_WEST,363,794,65
WH_NORTH,363,648,92
WH_SOUTH,363,985,147
WH_EAST,363,442,67
WH_WEST,364,950,68
WH_NORTH,364,789,64
WH_SOUTH,364,44,60
WH_EAST,364,700,140
WH_WEST,365,980,98
WH_NORTH,365,840,122
WH_SOUTH,365,500,83
WH_EAST,365,387,195
WH_WEST,366,829,110
WH_NORTH,366,789,124
WH_SOUTH,366,772,51
WH_EAST,366,312,94
WH_WEST,367,494,133
WH_NORTH,367,48,190
WH_SOUTH,367,33,103
WH_EAST,367,734,172
WH_WEST,368,839,103
WH_NORTH,368,211,177
WH_SOUTH,368,141,111
WH_EAST,368,561,174
WH_WEST,369,526,167
WH_NORTH,369,595,130
WH_SOUTH,369,204,102
WH_EAST,369,43,182
WH_WEST,370,142,113
WH_NORTH,370,388,158
WH_SOUTH,370,490,120
WH_EAST,370,857,56
WH_WEST,371,896,182
WH_NORTH,371,254,193
WH_SOUTH,371,641,159
WH_EAST,371,9,132
WH_WEST,372,758,174
WH_NORTH,372,74,61
WH_SOUTH,372,192,161
WH_EAST,372,831,131
WH_WEST,373,846,135
WH_NORTH,373,376,134
WH_SOUTH,373,629,52
WH_EAST,373,985,184
WH_WEST,374,192,167
WH_NORTH,374,291,192
WH_SOUTH,374,387,119
WH_EAST,374,612,132
WH_WEST,375,65,105
WH_NORTH,375,581,140
WH_SOUTH,375,831,99
WH_EAST,375,426,195
WH_WEST,376,574,114
WH_NORTH,376,162,120
WH_SOUTH,376,231,143
WH_EAST,376,673,55
WH_WEST,377,866,171
WH_NORTH,377,965,75
WH_SOUTH,377,336,71
WH_EAST,377,266,146
WH_WEST,378,865,111
WH_NORTH,378,923,96
WH_SOUTH,378,910,126
WH_EAST,378,836,103
WH_WEST,379,905,188
WH_NORTH,379,569,145
WH_SOUTH,379,5,176
WH_EAST,379,785,168
WH_WEST,380,246,192
WH_NORTH,380,206,102
WH_SOUTH,380,9,83
WH_EAST,380,910,130
WH_WEST,381,453,125
WH_NORTH,381,166,101
WH_SOUTH,381,443,149
WH_EAST,381,761,171
WH_WEST,382,437,79
WH_NORTH,382,315,98
WH_SOUTH,382,11,170
WH_EAST,382,115,187
WH_WEST,383,987,81
WH_NORTH,383,813,150
WH_SOUTH,383,326,136
WH_EAST,383,792,107
WH_WEST,384,493,147
WH_NORTH,384,869,154
WH_SOUTH,384,295,75
WH_EAST,384,700,162
WH_WEST,385,323,121
WH_NORTH,385,825,112
WH_SOUTH,385,186,163
WH_EAST,385,464,141
WH_WEST,386,904,114
WH_NORTH,386,609,107
WH_SOUTH,386,629,157
WH_EAST,386,749,105
WH_WEST,387,529,184
WH_NORTH,387,741,164
WH_SOUTH,387,866,177
WH_EAST,387,780,152
WH_WEST,388,349,196
WH_NORTH,388,843,146
WH_SOUTH,388,938,162
WH_EAST,388,807,90
WH_WEST,389,102,102
WH_NORTH,389,801,177
WH_SOUTH,389,212,162
WH_EAST,389,861,78
WH_WEST,390,920,61
WH_NORTH,390,852,156
WH_SOUTH,390,180,57
WH_EAST,390,213,163
WH_WEST,391,166,153
WH_NORTH,391,316,165
WH_SOUTH,391,563,116
WH_EAST,391,247,90
WH_WEST,392,556,84
WH_NORTH,392,235,111
WH_SOUTH,392,135,190
WH_EAST,392,994,90
WH_WEST,393,137,171
WH_NORTH,393,741,132
WH_SOUTH,393,664,134
WH_EAST,393,500,180
WH_WEST,394,885,154
WH_NORTH,394,94,64
WH_SOUTH,394,199,71
WH_EAST,394,923,149
WH_WEST,395,262,125
WH_NORTH,395,871,71
WH_SOUTH,395,87,181
WH_EAST,395,168,118
WH_WEST,396,648,145
WH_NORTH,396,27,51
WH_SOUTH,396,922,61
WH_EAST,396,746,78
WH_WEST,397,410,159
WH_NORTH,397,374,194
WH_SOUTH,397,53,127
WH_EAST,397,223,109
WH_WEST,398,596,167
WH_NORTH,398,347,191
WH_SOUTH,398,245,114
WH_EAST,398,306,182
WH_WEST,399,911,86
WH_NORTH,399,536,64
WH_SOUTH,399,688,137
WH_EAST,399,470,114
WH_WEST,400,368,120
WH_NORTH,400,249,166
WH_SOUTH,400,408,148
WH_EAST,400,339,144
WH_WEST,401,204,63
WH_NORTH,401,481,99
WH_SOUTH,401,162,146
WH_EAST,401,347,190
WH_WEST,402,624,143
WH_NORTH,402,575,113
WH_SOUTH,402,555,135
WH_EAST,402,804,173
WH_WEST,403,690,159
WH_NORTH,403,902,53
WH_SOUTH,403,10,114
WH_EAST,403,994,103
WH_WEST,404,642,166
WH_NORTH,404,480,157
WH_SOUTH,404,809,126
WH_EAST,404,544,174
WH_WEST,405,745,183
WH_NORTH,405,290,167
WH_SOUTH,405,527,75
WH_EAST,405,579,178
WH_WEST,406,604,186
WH_NORTH,406,700,175
WH_SOUTH,406,734,179
WH_EAST,406,870,136
WH_WEST,407,557,71
WH_NORTH,407,508,104
WH_SOUTH,407,862,184
WH_EAST,407,725,195
WH_WEST,408,429,139
WH_NORTH,408,496,154
WH_SOUTH,408,977,78
WH_EAST,408,123,132
WH_WEST,409,972,143
WH_NORTH,409,438,175
WH_SOUTH,409,84,136
WH_EAST,409,300,179
WH_WEST,410,433,183
WH_NORTH,410,363,72
WH_SOUTH,410,618,135
WH_EAST,410,523,149
WH_WEST,411,472,144
WH_NORTH,411,466,136
WH_SOUTH,411,708,138
WH_EAST,411,720,55
WH_WEST,412,9,55
WH_NORTH,412,237,142
WH_SOUTH,412,851,173
WH_EAST,412,648,98
WH_WEST,413,415,141
WH_NORTH,413,641,91
WH_SOUTH,413,372,184
WH_EAST,413,177,192
WH_WEST,414,866,136
WH_NORTH,414,571,51
WH_SOUTH,414,212,61
WH_EAST,414,229,183
WH_WEST,415,515,162
WH_NORTH,415,95,146
WH_SOUTH,415,278,132
WH_EAST,415,840,54
WH_WEST,416,296,65
WH_NORTH,416,636,74
WH_SOUTH,416,4,119
WH_EAST,416,590,183
WH_WEST,417,472,130
WH_NORTH,417,830,102
WH_SOUTH,417,357,140
WH_EAST,417,754,138
WH_WEST,418,359,175
WH_NORTH,418,128,105
WH_SOUTH,418,299,62
WH_EAST,418,292,140
WH_WEST,419,629,98
WH_NORTH,419,992,57
WH_SOUTH,419,218,89
WH_EAST,419,426,163
WH_WEST,420,51,84
WH_NORTH,420,912,53
WH_SOUTH,420,864,177
WH_EAST,420,840,137
WH_WEST,421,920,79
WH_NORTH,421,557,110
WH_SOUTH,421,208,141
WH_EAST,421,659,56
WH_WEST,422,665,118
WH_NORTH,422,923,140
WH_SOUTH,422,137,148
WH_EAST,422,169,158
WH_WEST,423,784,59
WH_NORTH,423,37,147
WH_SOUTH,423,677,101
WH_EAST,423,320,160
WH_WEST,424,387,155
WH_NORTH,424,951,165
WH_SOUTH,424,902,72
WH_EAST,424,90,115
WH_WEST,425,293,153
WH_NORTH,425,644,136
WH_SOUTH,425,843,114
WH_EAST,425,840,195
WH_WEST,426,273,100
WH_NORTH,426,617,126
WH_SOUTH,426,22,89
WH_EAST,426,586,69
WH_WEST,427,553,67
WH_NORTH,427,135,191
WH_SOUTH,427,395,69
WH_EAST,427,890,100
WH_WEST,428,807,84
WH_NORTH,428,398,183
WH_SOUTH,428,721,84
WH_EAST,428,771,68
WH_WEST,429,528,115
WH_NORTH,429,646,61
WH_SOUTH,429,281,137
WH_EAST,429,826,147
WH_WEST,430,765,89
WH_NORTH,430,680,69
WH_SOUTH,430,949,198
WH_EAST,430,925,151
WH_WEST,431,354,109
WH_NORTH,431,471,133
WH_SOUTH,431,930,115
WH_EAST,431,658,68
WH_WEST,432,96,72
WH_NORTH,432,788,99
WH_SOUTH,432,749,122
WH_EAST,432,483,161
WH_WEST,433,473,197
WH_NORTH,433,256,179
WH_SOUTH,433,777,127
WH_EAST,433,862,78
WH_WEST,434,313,130
WH_NORTH,434,327,80
WH_SOUTH,434,572,68
WH_EAST,434,54,169
WH_WEST,435,985,165
WH_NORTH,435,510,132
WH_SOUTH,435,775,172
WH_EAST,435,509,118
WH_WEST,436,229,67
WH_NORTH,436,713,119
WH_SOUTH,436,701,61
WH_EAST,436,205,96
WH_WEST,437,894,169
WH_NORTH,437,77,102
WH_SOUTH,437,50,144
WH_EAST,437,184,193
WH_WEST,438,568,120
WH_NORTH,438,344,77
WH_SOUTH,438,328,61
WH_EAST,438,383,179
WH_WEST,439,816,62
WH_NORTH,439,611,199
WH_SOUTH,439,214,116
WH_EAST,439,835,88
WH_WEST,440,166,166
WH_NORTH,440,751,85
WH_SOUTH,440,191,169
WH_EAST,440,181,184
WH_WEST,441,353,88
WH_NORTH,441,213,66
WH_SOUTH,441,512,196
WH_EAST,441,71,75
WH_WEST,442,267,104
WH_NORTH,442,540,149
WH_SOUTH,442,891,165
WH_EAST,442,75,183
WH_WEST,443,322,140
WH_NORTH,443,531,120
WH_SOUTH,443,536,188
WH_EAST,443,794,59
WH_WEST,444,239,107
WH_NORTH,444,741,83
WH_SOUTH,444,109,127
WH_EAST,444,890,54
WH_WEST,445,465,75
WH_NORTH,445,255,152
WH_SOUTH,445,117,62
WH_EAST,445,924,115
WH_WEST,446,765,94
WH_NORTH,446,557,193
WH_SOUTH,446,197,62
WH_EAST,446,293,158
WH_WEST,447,913,65
WH_NORTH,447,558,195
WH_SOUTH,447,567,86
WH_EAST,447,81,51
WH_WEST,448,381,87
WH_NORTH,448,785,189
WH_SOUTH,448,476,142
WH_EAST,448,787,112
WH_WEST,449,363,153
WH_NORTH,449,138,69
WH_SOUTH,449,993,184
WH_EAST,449,615,143
WH_WEST,450,978,150
WH_NORTH,450,363,99
WH_SOUTH,450,632,54
WH_EAST,450,106,169
WH_WEST,451,681,94
WH_NORTH,451,215,78
WH_SOUTH,451,301,169
WH_EAST,451,914,194
WH_WEST,452,271,54
WH_NORTH,452,388,113
WH_SOUTH,452,76,181
WH_EAST,452,518,164
WH_WEST,453,107,125
WH_NORTH,453,497,196
WH_SOUTH,453,207,190
WH_EAST,453,128,94
WH_WEST,454,763,164
WH_NORTH,454,771,109
WH_SOUTH,454,979,55
WH_EAST,454,68,61
WH_WEST,455,693,80
WH_NORTH,455,744,121
WH_SOUTH,455,582,148
WH_EAST,455,634,74
WH_WEST,456,21,191
WH_NORTH,456,892,90
WH_SOUTH,456,412,175
WH_EAST,456,301,186
WH_WEST,457,643,191
WH_NORTH,457,672,103
WH_SOUTH,457,421,50
WH_EAST,457,813,199
WH_WEST,458,292,113
WH_NORTH,458,407,72
WH_SOUTH,458,273,72
WH_EAST,458,185,170
WH_WEST,459,683,91
WH_NORTH,459,409,186
WH_SOUTH,459,11,175
WH_EAST,459,655,112
WH_WEST,460,848,126
WH_NORTH,460,296,135
WH_SOUTH,460,85,57
WH_EAST,460,213,71
WH_WEST,461,655,59
WH_NORTH,461,615,57
WH_SOUTH,461,34,120
WH_EAST,461,449,113
WH_WEST,462,381,197
WH_NORTH,462,37,173
WH_SOUTH,462,685,104
WH_EAST,462,605,86
WH_WEST,463,457,159
WH_NORTH,463,70,177
WH_SOUTH,463,645,182
WH_EAST,463,552,58
WH_WEST,464,180,101
WH_NORTH,464,731,133
WH_SOUTH,464,970,69
WH_EAST,464,632,121
WH_WEST,465,190,51
WH_NORTH,465,902,167
WH_SOUTH,465,882,126
WH_EAST,465,620,145
WH_WEST,466,755,55
WH_NORTH,466,450,61
WH_SOUTH,466,335,130
WH_EAST,466,201,130
WH_WEST,467,653,151
WH_NORTH,467,497,127
WH_SOUTH,467,315,120
WH_EAST,467,100,198
WH_WEST,468,818,95
WH_NORTH,468,614,139
WH_SOUTH,468,77,113
WH_EAST,468,915,193
WH_WEST,469,13,108
WH_NORTH,469,683,86
WH_SOUTH,469,810,125
WH_EAST,469,800,137
WH_WEST,470,44,93
WH_NORTH,470,571,130
WH_SOUTH,470,147,106
WH_EAST,470,679,191
WH_WEST,471,706,184
WH_NORTH,471,300,198
WH_SOUTH,471,832,125
WH_EAST,471,504,104
WH_WEST,472,399,149
WH_NORTH,472,233,158
WH_SOUTH,472,233,65
WH_EAST,472,150,64
WH_WEST,473,867,87
WH_NORTH,473,638,186
WH_SOUTH,473,893,58
WH_EAST,473,349,94
WH_WEST,474,759,162
WH_NORTH,474,40,198
WH_SOUTH,474,167,190
WH_EAST,474,493,195
WH_WEST,475,146,101
WH_NORTH,475,829,197
WH_SOUTH,475,738,116
WH_EAST,475,854,161
WH_WEST,476,504,183
WH_NORTH,476,248,87
WH_SOUTH,476,284,148
WH_EAST,476,459,68
WH_WEST,477,744,196
WH_NORTH,477,590,142
WH_SOUTH,477,582,103
WH_EAST,477,468,102
WH_WEST,478,174,72
WH_NORTH,478,860,177
WH_SOUTH,478,498,128
WH_EAST,478,775,51
WH_WEST,479,758,58
WH_NORTH,479,417,153
WH_SOUTH,479,353,90
WH_EAST,479,58,82
WH_WEST,480,120,185
WH_NORTH,480,708,91
WH_SOUTH,480,794,159
WH_EAST,480,470,67
WH_WEST,481,325,176
WH_NORTH,481,678,132
WH_SOUTH,481,9,91
WH_EAST,481,277,139
WH_WEST,482,541,119
WH_NORTH,482,504,77
WH_SOUTH,482,990,163
WH_EAST,482,333,130
WH_WEST,483,779,124
WH_NORTH,483,682,84
WH_SOUTH,483,894,190
WH_EAST,483,288,108
WH_WEST,484,382,162
WH_NORTH,484,958,119
WH_SOUTH,484,592,146
WH_EAST,484,589,71
WH_WEST,485,188,154
WH_NORTH,485,290,97
WH_SOUTH,485,984,82
WH_EAST,485,345,74
WH_WEST,486,959,130
WH_NORTH,486,206,180
WH_SOUTH,486,442,169
WH_EAST,486,429,85
WH_WEST,487,706,161
WH_NORTH,487,497,123
WH_SOUTH,487,602,154
WH_EAST,487,559,113
WH_WEST,488,104,107
WH_NORTH,488,130,54
WH_SOUTH,488,596,166
WH_EAST,488,300,55
WH_WEST,489,236,55
WH_NORTH,489,14,66
WH_SOUTH,489,327,92
WH_EAST,489,113,150
WH_WEST,490,675,144
WH_NORTH,490,838,177
WH_SOUTH,490,193,56
WH_EAST,490,589,89
WH_WEST,491,704,71
WH_NORTH,491,906,153
WH_SOUTH,491,532,193
WH_EAST,491,73,159
WH_WEST,492,593,61
WH_NORTH,492,215,129
WH_SOUTH,492,986,173
WH_EAST,492,872,129
WH_WEST,493,82,169
WH_NORTH,493,525,66
WH_SOUTH,493,893,84
WH_EAST,493,477,84
WH_WEST,494,946,174
WH_NORTH,494,370,92
WH_SOUTH,494,291,151
WH_EAST,494,837,66
WH_WEST,495,35,71
WH_NORTH,495,155,134
WH_SOUTH,495,826,191
WH_EAST,495,561,180
WH_WEST,496,909,107
WH_NORTH,496,754,113
WH_SOUTH,496,620,72
WH_EAST,496,706,102
WH_WEST,497,437,82
WH_NORTH,497,565,132
WH_SOUTH,497,656,143
WH_EAST,497,127,57
WH_WEST,498,159,94
WH_NORTH,498,271,119
WH_SOUTH,498,109,80
WH_EAST,498,990,126
WH_WEST,499,442,62
WH_NORTH,499,118,72
WH_SOUTH,499,840,82
WH_EAST,499,152,142
WH_WEST,500,158,189
WH_NORTH,500,6,105
WH_SOUTH,500,167,83
WH_EAST,500,738,101
WH_WEST,501,83,76
WH_NORTH,501,97,85
WH_SOUTH,501,68,151
WH_EAST,501,96,86
WH_WEST,502,334,158
WH_NORTH,502,334,134
WH_SOUTH,502,263,151
WH_EAST,502,631,121
WH_WEST,503,182,98
WH_NORTH,503,969,82
WH_SOUTH,503,281,73
WH_EAST,503,730,119
WH_WEST,504,169,160
WH_NORTH,504,352,193
WH_SOUTH,504,33,81
WH_EAST,504,805,147
WH_WEST,505,165,130
WH_NORTH,505,848,159
WH_SOUTH,505,598,66
WH_EAST,505,91,137
WH_WEST,506,71,64
WH_NORTH,506,515,70
WH_SOUTH,506,431,91
WH_EAST,506,699,184
WH_WEST,507,151,67
WH_NORTH,507,669,61
WH_SOUTH,507,952,199
WH_EAST,507,406,162
WH_WEST,508,867,82
WH_NORTH,508,346,157
WH_SOUTH,508,790,124
WH_EAST,508,615,122
WH_WEST,509,7,78
WH_NORTH,509,998,182
WH_SOUTH,509,971,188
WH_EAST,509,637,153
WH_WEST,510,448,85
WH_NORTH,510,519,159
WH_SOUTH,510,696,156
WH_EAST,510,697,184
WH_WEST,511,455,124
WH_NORTH,511,830,178
WH_SOUTH,511,476,80
WH_EAST,511,477,156
WH_WEST,512,480,188
WH_NORTH,512,576,89
WH_SOUTH,512,569,179
WH_EAST,512,432,165
WH_WEST,513,536,197
WH_NORTH,513,407,90
WH_SOUTH,513,683,62
WH_EAST,513,798,121
WH_WEST,514,860,176
WH_NORTH,514,797,155
WH_SOUTH,514,592,172
WH_EAST,514,204,118
WH_WEST,515,251,88
WH_NORTH,515,207,126
WH_SOUTH,515,278,68
WH_EAST,515,182,69
WH_WEST,516,699,101
WH_NORTH,516,700,86
WH_SOUTH,516,26,197
WH_EAST,516,564,185
WH_WEST,517,677,96
WH_NORTH,517,544,103
WH_SOUTH,517,969,166
WH_EAST,517,822,102
WH_WEST,518,471,104
WH_NORTH,518,184,187
WH_SOUTH,518,179,197
WH_EAST,518,833,192
WH_WEST,519,265,62
WH_NORTH,519,324,97
WH_SOUTH,519,181,106
WH_EAST,519,706,105
WH_WEST,520,72,189
WH_NORTH,520,264,55
WH_SOUTH,520,873,163
WH_EAST,520,25,78
WH_WEST,521,17,150
WH_NORTH,521,790,75
WH_SOUTH,521,490,114
WH_EAST,521,247,174
WH_WEST,522,880,130
WH_NORTH,522,679,186
WH_SOUTH,522,651,157
WH_EAST,522,904,90
WH_WEST,523,22,53
WH_NORTH,523,160,129
WH_SOUTH,523,876,67
WH_EAST,523,741,59
WH_WEST,524,455,51
WH_NORTH,524,558,130
WH_SOUTH,524,878,120
WH_EAST,524,958,74
WH_WEST,525,36,168
WH_NORTH,525,991,51
WH_SOUTH,525,830,128
WH_EAST,525,51,122
WH_WEST,526,35,194
WH_NORTH,526,105,144
WH_SOUTH,526,359,53
WH_EAST,526,465,160
WH_WEST,527,781,117
WH_NORTH,527,637,102
WH_SOUTH,527,761,137
WH_EAST,527,643,129
WH_WEST,528,546,83
WH_NORTH,528,41,187
WH_SOUTH,528,128,179
WH_EAST,528,157,51
WH_WEST,529,892,132
WH_NORTH,529,426,153
WH_SOUTH,529,895,93
WH_EAST,529,473,121
WH_WEST,530,600,108
WH_NORTH,530,326,143
WH_SOUTH,530,816,178
WH_EAST,530,343,114
WH_WEST,531,52,52
WH_NORTH,531,668,56
WH_SOUTH,531,29,74
WH_EAST,531,694,61
WH_WEST,532,875,198
WH_NORTH,532,493,65
WH_SOUTH,532,192,78
WH_EAST,532,153,133
WH_WEST,533,737,56
WH_NORTH,533,646,68
WH_SOUTH,533,864,125
WH_EAST,533,141,193
WH_WEST,534,810,149
WH_NORTH,534,818,106
WH_SOUTH,534,195,83
WH_EAST,534,298,191
WH_WEST,535,731,67
WH_NORTH,535,5,68
WH_SOUTH,535,663,92
WH_EAST,535,972,101
WH_WEST,536,349,192
WH_NORTH,536,776,53
WH_SOUTH,536,932,108
WH_EAST,536,87,136
WH_WEST,537,169,168
WH_NORTH,537,124,139
WH_SOUTH,537,214,120
WH_EAST,537,239,102
WH_WEST,538,908,123
WH_NORTH,538,749,182
WH_SOUTH,538,583,88
WH_EAST,538,38,83
WH_WEST,539,75,121
WH_NORTH,539,910,152
WH_SOUTH,539,229,73
WH_EAST,539,399,185
WH_WEST,540,320,139
WH_NORTH,540,823,99
WH_SOUTH,540,515,189
WH_EAST,540,425,139
WH_WEST,541,606,199
WH_NORTH,541,617,169
WH_SOUTH,541,828,187
WH_EAST,541,254,167
WH_WEST,542,855,148
WH_NORTH,542,37,198
WH_SOUTH,542,81,104
WH_EAST,542,944,136
WH_WEST,543,483,122
WH_NORTH,543,47,135
WH_SOUTH,543,878,163
WH_EAST,543,601,99
WH_WEST,544,113,65
WH_NORTH,544,34,72
WH_SOUTH,544,756,159
WH_EAST,544,2,187
WH_WEST,545,607,157
WH_NORTH,545,467,121
WH_SOUTH,545,707,188
WH_EAST,545,522,79
WH_WEST,546,316,85
WH_NORTH,546,178,144
WH_SOUTH,546,426,86
WH_EAST,546,154,127
WH_WEST,547,288,183
WH_NORTH,547,779,103
WH_SOUTH,547,226,121
WH_EAST,547,400,51
WH_WEST,548,194,123
WH_NORTH,548,184,158
WH_SOUTH,548,710,120
WH_EAST,548,816,100
WH_WEST,549,449,56
WH_NORTH,549,328,123
WH_SOUTH,549,338,147
WH_EAST,549,477,79
WH_WEST,550,391,190
WH_NORTH,550,870,124
WH_SOUTH,550,443,198
WH_EAST,550,415,86
WH_WEST,551,337,62
WH_NORTH,551,974,177
WH_SOUTH,551,60,80
WH_EAST,551,136,71
WH_WEST,552,637,99
WH_NORTH,552,841,60
WH_SOUTH,552,369,134
WH_EAST,552,491,110
WH_WEST,553,132,83
WH_NORTH,553,935,169
WH_SOUTH,553,988,163
WH_EAST,553,538,55
WH_WEST,554,797,124
WH_NORTH,554,367,71
WH_SOUTH,554,650,95
WH_EAST,554,169,101
WH_WEST,555,759,100
WH_NORTH,555,497,121
WH_SOUTH,555,997,197
WH_EAST,555,796,50
WH_WEST,556,968,137
WH_NORTH,556,710,160
WH_SOUTH,556,157,196
WH_EAST,556,387,191
WH_WEST,557,303,98
WH_NORTH,557,349,162
WH_SOUTH,557,331,136
WH_EAST,557,619,197
WH_WEST,558,765,186
WH_NORTH,558,210,195
WH_SOUTH,558,482,146
WH_EAST,558,436,63
WH_WEST,559,935,140
WH_NORTH,559,205,130
WH_SOUTH,559,78,78
WH_EAST,559,705,121
WH_WEST,560,847,192
WH_NORTH,560,647,65
WH_SOUTH,560,275,158
WH_EAST,560,140,141
WH_WEST,561,563,121
WH_NORTH,561,287,108
WH_SOUTH,561,516,69
WH_EAST,561,191,117
WH_WEST,562,175,169
WH_NORTH,562,711,89
WH_SOUTH,562,34,170
WH_EAST,562,266,149
WH_WEST,563,318,114
WH_NORTH,563,969,59
WH_SOUTH,563,843,130
WH_EAST,563,347,122
WH_WEST,564,997,184
WH_NORTH,564,345,198
WH_SOUTH,564,902,119
WH_EAST,564,281,180
WH_WEST,565,279,118
WH_NORTH,565,32,109
WH_SOUTH,565,785,159
WH_EAST,565,33,96
WH_WEST,566,519,134
WH_NORTH,566,901,110
WH_SOUTH,566,125,53
WH_EAST,566,491,110
WH_WEST,567,679,66
WH_NORTH,567,378,135
WH_SOUTH,567,640,63
WH_EAST,567,484,64
WH_WEST,568,976,59
WH_NORTH,568,371,101
WH_SOUTH,568,353,153
WH_EAST,568,458,111
WH_WEST,569,329,123
WH_NORTH,569,409,139
WH_SOUTH,569,822,75
WH_EAST,569,92,131
WH_WEST,570,955,140
WH_NORTH,570,907,165
WH_SOUTH,570,363,74
WH_EAST,570,825,128
WH_WEST,571,616,80
WH_NORTH,571,342,99
WH_SOUTH,571,231,177
WH_EAST,571,933,83
WH_WEST,572,96,55
WH_NORTH,572,468,52
WH_SOUTH,572,654,132
WH_EAST,572,611,54
WH_WEST,573,677,131
WH_NORTH,573,130,178
WH_SOUTH,573,918,118
WH_EAST,573,3,102
WH_WEST,574,461,70
WH_NORTH,574,139,162
WH_SOUTH,574,715,176
WH_EAST,574,391,135
WH_WEST,575,212,54
WH_NORTH,575,820,81
WH_SOUTH,575,424,100
WH_EAST,575,893,100
WH_WEST,576,866,75
WH_NORTH,576,356,118
WH_SOUTH,576,627,108
WH_EAST,576,640,91
WH_WEST,577,984,173
WH_NORTH,577,464,57
WH_SOUTH,577,427,50
WH_EAST,577,633,95
WH_WEST,578,496,104
WH_NORTH,578,13,184
WH_SOUTH,578,105,141
WH_EAST,578,716,116
WH_WEST,579,224,148
WH_NORTH,579,763,95
WH_SOUTH,579,560,104
WH_EAST,579,697,175
WH_WEST,580,800,150
WH_NORTH,580,728,111
WH_SOUTH,580,245,90
WH_EAST,580,740,87
WH_WEST,581,755,137
WH_NORTH,581,988,87
WH_SOUTH,581,502,75
WH_EAST,581,65,148
WH_WEST,582,353,97
WH_NORTH,582,893,106
WH_SOUTH,582,414,139
WH_EAST,582,885,93
WH_WEST,583,92,146
WH_NORTH,583,826,53
WH_SOUTH,583,610,125
WH_EAST,583,135,156
WH_WEST,584,151,173
WH_NORTH,584,332,134
WH_SOUTH,584,56,106
WH_EAST,584,637,97
WH_WEST,585,626,171
WH_NORTH,585,572,58
WH_SOUTH,585,149,155
WH_EAST,585,392,184
WH_WEST,586,276,198
WH_NORTH,586,730,188
WH_SOUTH,586,920,111
WH_EAST,586,643,178
WH_WEST,587,171,183
WH_NORTH,587,60,197
WH_SOUTH,587,356,100
WH_EAST,587,400,68
WH_WEST,588,366,198
WH_NORTH,588,943,90
WH_SOUTH,588,267,66
WH_EAST,588,936,129
WH_WEST,589,776,163
WH_NORTH,589,891,179
WH_SOUTH,589,542,98
WH_EAST,589,618,63
WH_WEST,590,521,122
WH_NORTH,590,255,58
WH_SOUTH,590,434,62
WH_EAST,590,202,116
WH_WEST,591,609,132
WH_NORTH,591,329,67
WH_SOUTH,591,349,73
WH_EAST,591,21,124
WH_WEST,592,91,106
WH_NORTH,592,109,81
WH_SOUTH,592,926,57
WH_EAST,592,16,61
WH_WEST,593,331,158
WH_NORTH,593,325,174
WH_SOUTH,593,516,186
WH_EAST,593,133,164
WH_WEST,594,707,59
WH_NORTH,594,68,167
WH_SOUTH,594,544,199
WH_EAST,594,960,77
WH_WEST,595,918,119
WH_NORTH,595,39,136
WH_SOUTH,595,591,134
WH_EAST,595,184,118
WH_WEST,596,334,148
WH_NORTH,596,732,101
WH_SOUTH,596,957,53
WH_EAST,596,117,138
WH_WEST,597,810,90
WH_NORTH,597,132,195
WH_SOUTH,597,72,62
WH_EAST,597,26,136
WH_WEST,598,573,115
WH_NORTH,598,513,116
WH_SOUTH,598,569,80
WH_EAST,598,270,150
WH_WEST,599,862,187
WH_NORTH,599,732,191
WH_SOUTH,599,501,194
WH_EAST,599,279,145
WH_WEST,600,177,165
WH_NORTH,600,263,121
WH_SOUTH,600,822,191
WH_EAST,600,317,180
WH_WEST,601,900,148
WH_NORTH,601,801,165
WH_SOUTH,601,602,133
WH_EAST,601,586,169
WH_WEST,602,984,79
WH_NORTH,602,821,156
WH_SOUTH,602,370,68
WH_EAST,602,646,149
WH_WEST,603,332,130
WH_NORTH,603,753,52
WH_SOUTH,603,932,145
WH_EAST,603,213,99
WH_WEST,604,25,186
WH_NORTH,604,148,146
WH_SOUTH,604,391,97
WH_EAST,604,87,143
WH_WEST,605,245,161
WH_NORTH,605,731,136
WH_SOUTH,605,111,75
WH_EAST,605,83,138
WH_WEST,606,775,189
WH_NORTH,606,98,98
WH_SOUTH,606,107,135
WH_EAST,606,162,179
WH_WEST,607,494,180
WH_NORTH,607,920,121
WH_SOUTH,607,981,136
WH_EAST,607,754,70
WH_WEST,608,615,68
WH_NORTH,608,494,188
WH_SOUTH,608,263,92
WH_EAST,608,781,94
WH_WEST,609,833,67
WH_NORTH,609,543,159
WH_SOUTH,609,783,148
WH_EAST,609,192,179
WH_WEST,610,962,169
WH_NORTH,610,546,198
WH_SOUTH,610,811,88
WH_EAST,610,532,185
WH_WEST,611,696,187
WH_NORTH,611,865,69
WH_SOUTH,611,593,192
WH_EAST,611,145,111
WH_WEST,612,432,131
WH_NORTH,612,386,126
WH_SOUTH,612,455,65
WH_EAST,612,332,137
WH_WEST,613,696,157
WH_NORTH,613,128,81
WH_SOUTH,613,686,163
WH_EAST,613,730,91
WH_WEST,614,385,144
WH_NORTH,614,882,115
WH_SOUTH,614,253,118
WH_EAST,614,555,67
WH_WEST,615,139,177
WH_NORTH,615,738,125
WH_SOUTH,615,747,176
WH_EAST,615,882,174
WH_WEST,616,998,140
WH_NORTH,616,628,97
WH_SOUTH,616,424,130
WH_EAST,616,334,115
WH_WEST,617,422,83
WH_NORTH,617,654,110
WH_SOUTH,617,703,58
WH_EAST,617,812,135
WH_WEST,618,720,177
WH_NORTH,618,79,117
WH_SOUTH,618,868,181
WH_EAST,618,664,192
WH_WEST,619,295,175
WH_NORTH,619,116,62
WH_SOUTH,619,111,171
WH_EAST,619,213,162
WH_WEST,620,529,125
WH_NORTH,620,219,104
WH_SOUTH,620,202,166
WH_EAST,620,341,79
WH_WEST,621,321,129
WH_NORTH,621,941,98
WH_SOUTH,621,546,87
WH_EAST,621,296,56
WH_WEST,622,805,87
WH_NORTH,622,447,99
WH_SOUTH,622,124,140
WH_EAST,622,26,166
WH_WEST,623,4,173
WH_NORTH,623,652,150
WH_SOUTH,623,442,103
WH_EAST,623,681,66
WH_WEST,624,454,121
WH_NORTH,624,615,147
WH_SOUTH,624,223,171
WH_EAST,624,340,163
WH_WEST,625,53,63
WH_NORTH,625,174,60
WH_SOUTH,625,560,77
WH_EAST,625,977,120
WH_WEST,626,319,120
WH_NORTH,626,863,150
WH_SOUTH,626,500,149
WH_EAST,626,453,143
WH_WEST,627,94,115
WH_NORTH,627,729,185
WH_SOUTH,627,204,69
WH_EAST,627,484,83
WH_WEST,628,789,187
WH_NORTH,628,766,69
WH_SOUTH,628,560,53
WH_EAST,628,459,150
WH_WEST,629,876,115
WH_NORTH,629,41,123
WH_SOUTH,629,728,159
WH_EAST,629,35,150
WH_WEST,630,724,108
WH_NORTH,630,510,87
WH_SOUTH,630,882,115
WH_EAST,630,337,152
WH_WEST,631,576,92
WH_NORTH,631,145,138
WH_SOUTH,631,10,62
WH_EAST,631,414,166
WH_WEST,632,636,133
WH_NORTH,632,937,116
WH_SOUTH,632,189,180
WH_EAST,632,0,100
WH_WEST,633,270,104
WH_NORTH,633,187,188
WH_SOUTH,633,778,57
WH_EAST,633,759,128
WH_WEST,634,851,70
WH_NORTH,634,133,171
WH_SOUTH,634,430,65
WH_EAST,634,772,63
WH_WEST,635,753,74
WH_NORTH,635,171,187
WH_SOUTH,635,904,50
WH_EAST,635,872,110
WH_WEST,636,453,86
WH_NORTH,636,706,53
WH_SOUTH,636,576,104
WH_EAST,636,963,143
WH_WEST,637,70,131
WH_NORTH,637,571,75
WH_SOUTH,637,244,176
WH_EAST,637,842,91
WH_WEST,638,919,80
WH_NORTH,638,793,95
WH_SOUTH,638,868,60
WH_EAST,638,539,68
WH_WEST,639,873,193
WH_NORTH,639,964,112
WH_SOUTH,639,915,131
WH_EAST,639,956,129
WH_WEST,640,820,114
WH_NORTH,640,281,59
WH_SOUTH,640,886,140
WH_EAST,640,702,103
WH_WEST,641,484,143
WH_NORTH,641,365,113
WH_SOUTH,641,995,115
WH_EAST,641,200,86
WH_WEST,642,138,149
WH_NORTH,642,600,158
WH_SOUTH,642,77,72
WH_EAST,642,851,129
WH_WEST,643,888,147
WH_NORTH,643,506,92
WH_SOUTH,643,611,83
WH_EAST,643,242,176
WH_WEST,644,278,52
WH_NORTH,644,283,133
WH_SOUTH,644,706,88
WH_EAST,644,773,91
WH_WEST,645,341,199
WH_NORTH,645,621,167
WH_SOUTH,645,225,157
WH_EAST,645,176,162
WH_WEST,646,143,127
WH_NORTH,646,775,80
WH_SOUTH,646,393,66
WH_EAST,646,763,191
WH_WEST,647,936,107
WH_NORTH,647,29,141
WH_SOUTH,647,471,87
WH_EAST,647,260,103
WH_WEST,648,968,197
WH_NORTH,648,425,95
WH_SOUTH,648,569,179
WH_EAST,648,959,157
WH_WEST,649,820,98
WH_NORTH,649,924,143
WH_SOUTH,649,316,187
WH_EAST,649,996,154
WH_WEST,650,372,84
WH_NORTH,650,126,181
WH_SOUTH,650,192,146
WH_EAST,650,37,98
WH_WEST,651,616,136
WH_NORTH,651,25,178
WH_SOUTH,651,237,176
WH_EAST,651,458,68
WH_WEST,652,352,88
WH_NORTH,652,124,63
WH_SOUTH,652,738,117
WH_EAST,652,951,172
WH_WEST,653,264,79
WH_NORTH,653,905,108
WH_SOUTH,653,306,193
WH_EAST,653,736,188
WH_WEST,654,193,145
WH_NORTH,654,153,173
WH_SOUTH,654,68,188
WH_EAST,654,417,63
WH_WEST,655,163,172
WH_NORTH,655,353,139
WH_SOUTH,655,191,52
WH_EAST,655,12,54
WH_WEST,656,49,176
WH_NORTH,656,76,186
WH_SOUTH,656,129,79
WH_EAST,656,626,111
WH_WEST,657,911,95
WH_NORTH,657,253,155
WH_SOUTH,657,371,67
WH_EAST,657,656,105
WH_WEST,658,218,138
WH_NORTH,658,206,161
WH_SOUTH,658,397,126
WH_EAST,658,359,161
WH_WEST,659,365,185
WH_NORTH,659,180,137
WH_SOUTH,659,29,78
WH_EAST,659,264,109
WH_WEST,660,396,169
WH_NORTH,660,69,101
WH_SOUTH,660,399,144
WH_EAST,660,892,110
WH_WEST,661,846,155
WH_NORTH,661,817,144
WH_SOUTH,661,405,133
WH_EAST,661,650,169
WH_WEST,662,938,153
WH_NORTH,662,971,188
WH_SOUTH,662,749,153
WH_EAST,662,611,139
WH_WEST,663,453,149
WH_NORTH,663,518,155
WH_SOUTH,663,742,179
WH_EAST,663,545,71
WH_WEST,664,734,140
WH_NORTH,664,653,176
WH_SOUTH,664,430,52
WH_EAST,664,274,92
WH_WEST,665,233,56
WH_NORTH,665,390,102
WH_SOUTH,665,412,177
WH_EAST,665,901,138
WH_WEST,666,702,108
WH_NORTH,666,351,184
WH_SOUTH,666,684,63
WH_EAST,666,675,149
WH_WEST,667,36,180
WH_NORTH,667,952,66
WH_SOUTH,667,348,154
WH_EAST,667,115,184
WH_WEST,668,116,123
WH_NORTH,668,20,162
WH_SOUTH,668,48,153
WH_EAST,668,228,63
WH_WEST,669,407,87
WH_NORTH,669,875,60
WH_SOUTH,669,969,71
WH_EAST,669,992,169
WH_WEST,670,376,76
WH_NORTH,670,243,123
WH_SOUTH,670,338,124
WH_EAST,670,450,124
WH_WEST,671,629,76
WH_NORTH,671,127,66
WH_SOUTH,671,291,167
WH_EAST,671,525,82
WH_WEST,672,390,139
WH_NORTH,672,186,65
WH_SOUTH,672,682,142
WH_EAST,672,84,135
WH_WEST,673,719,130
WH_NORTH,673,581,157
WH_SOUTH,673,593,124
WH_EAST,673,31,119
WH_WEST,674,814,176
WH_NORTH,674,905,186
WH_SOUTH,674,306,134
WH_EAST,674,480,84
WH_WEST,675,479,165
WH_NORTH,675,876,151
WH_SOUTH,675,567,76
WH_EAST,675,705,179
WH_WEST,676,944,117
WH_NORTH,676,669,78
WH_SOUTH,676,466,105
WH_EAST,676,125,145
WH_WEST,677,490,73
WH_NORTH,677,27,119
WH_SOUTH,677,368,177
WH_EAST,677,997,172
WH_WEST,678,845,127
WH_NORTH,678,34,147
WH_SOUTH,678,704,168
WH_EAST,678,145,175
WH_WEST,679,208,84
WH_NORTH,679,105,140
WH_SOUTH,679,501,137
WH_EAST,679,452,101
WH_WEST,680,511,115
WH_NORTH,680,16,122
WH_SOUTH,680,334,79
WH_EAST,680,32,109
WH_WEST,681,624,91
WH_NORTH,681,519,85
WH_SOUTH,681,645,57
WH_EAST,681,609,58
WH_WEST,682,204,175
WH_NORTH,682,77,73
WH_SOUTH,682,743,135
WH_EAST,682,474,164
WH_WEST,683,12,170
WH_NORTH,683,373,52
WH_SOUTH,683,646,110
WH_EAST,683,733,142
WH_WEST,684,841,141
WH_NORTH,684,760,124
WH_SOUTH,684,865,83
WH_EAST,684,701,194
WH_WEST,685,926,91
WH_NORTH,685,391,143
WH_SOUTH,685,881,144
WH_EAST,685,234,76
WH_WEST,686,563,170
WH_NORTH,686,476,166
WH_SOUTH,686,869,133
WH_EAST,686,906,181
WH_WEST,687,951,156
WH_NORTH,687,354,149
WH_SOUTH,687,66,54
WH_EAST,687,820,69
WH_WEST,688,373,92
WH_NORTH,688,705,69
WH_SOUTH,688,121,124
WH_EAST,688,412,139
WH_WEST,689,933,148
WH_NORTH,689,119,53
WH_SOUTH,689,607,176
WH_EAST,689,96,94
WH_WEST,690,606,141
WH_NORTH,690,937,72
WH_SOUTH,690,819,144
WH_EAST,690,92,55
WH_WEST,691,394,166
WH_NORTH,691,324,71
WH_SOUTH,691,391,149
WH_EAST,691,969,187
WH_WEST,692,880,63
WH_NORTH,692,578,188
WH_SOUTH,692,199,172
WH_EAST,692,955,184
WH_WEST,693,217,187
WH_NORTH,693,279,190
WH_SOUTH,693,295,104
WH_EAST,693,122,118
WH_WEST,694,23,70
WH_NORTH,694,918,132
WH_SOUTH,694,980,62
WH_EAST,694,839,109
WH_WEST,695,945,87
WH_NORTH,695,887,119
WH_SOUTH,695,418,129
WH_EAST,695,373,111
WH_WEST,696,941,61
WH_NORTH,696,704,152
WH_SOUTH,696,209,147
WH_EAST,696,592,157
WH_WEST,697,121,122
WH_NORTH,697,382,164
WH_SOUTH,697,122,114
WH_EAST,697,668,84
WH_WEST,698,275,147
WH_NORTH,698,74,120
WH_SOUTH,698,796,69
WH_EAST,698,478,65
WH_WEST,699,618,63
WH_NORTH,699,540,57
WH_SOUTH,699,874,125
WH_EAST,699,983,184
WH_WEST,700,555,151
WH_NORTH,700,611,57
WH_SOUTH,700,223,134
WH_EAST,700,794,112
WH_WEST,701,514,186
WH_NORTH,701,292,54
WH_SOUTH,701,786,125
WH_EAST,701,208,198
WH_WEST,702,583,128
WH_NORTH,702,562,104
WH_SOUTH,702,983,120
WH_EAST,702,292,112
WH_WEST,703,833,58
WH_NORTH,703,708,135
WH_SOUTH,703,83,121
WH_EAST,703,573,51
WH_WEST,704,557,139
WH_NORTH,704,8,148
WH_SOUTH,704,399,117
WH_EAST,704,953,172
WH_WEST,705,350,51
WH_NORTH,705,332,113
WH_SOUTH,705,741,53
WH_EAST,705,164,98
WH_WEST,706,213,107
WH_NORTH,706,710,92
WH_SOUTH,706,524,159
WH_EAST,706,455,150
WH_WEST,707,982,116
WH_NORTH,707,991,142
WH_SOUTH,707,127,167
WH_EAST,707,379,187
WH_WEST,708,133,52
WH_NORTH,708,834,149
WH_SOUTH,708,863,121
WH_EAST,708,285,198
WH_WEST,709,45,177
WH_NORTH,709,943,87
WH_SOUTH,709,877,97
WH_EAST,709,561,102
WH_WEST,710,858,108
WH_NORTH,710,569,76
WH_SOUTH,710,862,112
WH_EAST,710,275,76
WH_WEST,711,917,167
WH_NORTH,711,638,107
WH_SOUTH,711,642,188
WH_EAST,711,508,124
WH_WEST,712,332,95
WH_NORTH,712,512,55
WH_SOUTH,712,248,95
WH_EAST,712,312,128
WH_WEST,713,688,70
WH_NORTH,713,675,161
WH_SOUTH,713,171,97
WH_EAST,713,299,69
WH_WEST,714,661,108
WH_NORTH,714,820,74
WH_SOUTH,714,160,136
WH_EAST,714,470,139
WH_WEST,715,197,74
WH_NORTH,715,790,89
WH_SOUTH,715,33,109
WH_EAST,715,581,58
WH_WEST,716,153,71
WH_NORTH,716,104,171
WH_SOUTH,716,96,116
WH_EAST,716,813,153
WH_WEST,717,655,116
WH_NORTH,717,557,101
WH_SOUTH,717,217,58
WH_EAST,717,68,136
WH_WEST,718,460,152
WH_NORTH,718,145,107
WH_SOUTH,718,569,178
WH_EAST,718,606,68
WH_WEST,719,182,169
WH_NORTH,719,438,51
WH_SOUTH,719,854,122
WH_EAST,719,968,76
WH_WEST,720,767,187
WH_NORTH,720,709,119
WH_SOUTH,720,469,74
WH_EAST,720,136,126
WH_WEST,721,783,177
WH_NORTH,721,761,155
WH_SOUTH,721,100,170
WH_EAST,721,400,88
WH_WEST,722,294,120
WH_NORTH,722,275,108
WH_SOUTH,722,957,72
WH_EAST,722,258,190
WH_WEST,723,418,137
WH_NORTH,723,556,176
WH_SOUTH,723,602,86
WH_EAST,723,992,116
WH_WEST,724,950,143
WH_NORTH,724,355,185
WH_SOUTH,724,279,164
WH_EAST,724,210,97
WH_WEST,725,12,138
WH_NORTH,725,715,191
WH_SOUTH,725,413,114
WH_EAST,725,800,189
WH_WEST,726,731,143
WH_NORTH,726,778,135
WH_SOUTH,726,718,189
WH_EAST,726,919,51
WH_WEST,727,917,190
WH_NORTH,727,559,118
WH_SOUTH,727,360,115
WH_EAST,727,515,197
WH_WEST,728,119,157
WH_NORTH,728,752,56
WH_SOUTH,728,798,62
WH_EAST,728,304,172
WH_WEST,729,248,76
WH_NORTH,729,9,183
WH_SOUTH,729,955,52
WH_EAST,729,288,165
WH_WEST,730,554,141
WH_NORTH,730,554,149
WH_SOUTH,730,47,94
WH_EAST,730,20,119
WH_WEST,731,611,190
WH_NORTH,731,279,199
WH_SOUTH,731,569,97
WH_EAST,731,811,112
WH_WEST,732,932,138
WH_NORTH,732,971,68
WH_SOUTH,732,283,174
WH_EAST,732,834,103
WH_WEST,733,588,51
WH_NORTH,733,240,145
WH_SOUTH,733,27,175
WH_EAST,733,637,54
WH_WEST,734,722,82
WH_NORTH,734,455,143
WH_SOUTH,734,74,141
WH_EAST,734,264,153
WH_WEST,735,274,176
WH_NORTH,735,412,96
WH_SOUTH,735,62,85
WH_EAST,735,578,112
WH_WEST,736,339,76
WH_NORTH,736,391,112
WH_SOUTH,736,446,65
WH_EAST,736,254,142
WH_WEST,737,667,134
WH_NORTH,737,856,63
WH_SOUTH,737,699,68
WH_EAST,737,57,60
WH_WEST,738,429,189
WH_NORTH,738,532,69
WH_SOUTH,738,377,196
WH_EAST,738,304,94
WH_WEST,739,380,175
WH_NORTH,739,0,197
WH_SOUTH,739,108,58
WH_EAST,739,428,189
WH_WEST,740,640,75
WH_NORTH,740,123,120
WH_SOUTH,740,943,117
WH_EAST,740,929,56
WH_WEST,741,485,176
WH_NORTH,741,18,107
WH_SOUTH,741,735,148
WH_EAST,741,329,90
WH_WEST,742,37,189
WH_NORTH,742,822,67
WH_SOUTH,742,650,198
WH_EAST,742,311,167
WH_WEST,743,612,93
WH_NORTH,743,730,109
WH_SOUTH,743,742,193
WH_EAST,743,863,198
WH_WEST,744,370,179
WH_NORTH,744,503,125
WH_SOUTH,744,537,70
WH_EAST,744,496,196
WH_WEST,745,755,123
WH_NORTH,745,128,195
WH_SOUTH,745,400,105
WH_EAST,745,683,50
WH_WEST,746,679,97
WH_NORTH,746,342,170
WH_SOUTH,746,921,69
WH_EAST,746,484,70
WH_WEST,747,693,157
WH_NORTH,747,845,193
WH_SOUTH,747,514,145
WH_EAST,747,587,102
WH_WEST,748,352,86
WH_NORTH,748,331,51
WH_SOUTH,748,157,59
WH_EAST,748,934,111
WH_WEST,749,612,134
WH_NORTH,749,88,197
WH_SOUTH,749,556,122
WH_EAST,749,836,129
WH_WEST,750,150,193
WH_NORTH,750,697,117
WH_SOUTH,750,940,166
WH_EAST,750,513,73
WH_WEST,751,264,71
WH_NORTH,751,996,110
WH_SOUTH,751,661,157
WH_EAST,751,305,147
WH_WEST,752,19,119
WH_NORTH,752,208,81
WH_SOUTH,752,726,115
WH_EAST,752,711,106
WH_WEST,753,808,128
WH_NORTH,753,849,171
WH_SOUTH,753,280,61
WH_EAST,753,72,194
WH_WEST,754,231,142
WH_NORTH,754,814,175
WH_SOUTH,754,456,162
WH_EAST,754,480,196
WH_WEST,755,734,102
WH_NORTH,755,807,145
WH_SOUTH,755,424,82
WH_EAST,755,769,145
WH_WEST,756,677,54
WH_NORTH,756,619,52
WH_SOUTH,756,592,139
WH_EAST,756,262,56
WH_WEST,757,243,199
WH_NORTH,757,965,181
WH_SOUTH,757,38,181
WH_EAST,757,715,150
WH_WEST,758,742,145
WH_NORTH,758,541,114
WH_SOUTH,758,10,130
WH_EAST,758,167,123
WH_WEST,759,396,116
WH_NORTH,759,649,74
WH_SOUTH,759,791,94
WH_EAST,759,118,152
WH_WEST,760,406,56
WH_NORTH,760,373,63
WH_SOUTH,760,944,74
WH_EAST,760,586,149
WH_WEST,761,713,160
WH_NORTH,761,315,120
WH_SOUTH,761,111,188
WH_EAST,761,261,67
WH_WEST,762,105,116
WH_NORTH,762,501,111
WH_SOUTH,762,465,150
WH_EAST,762,435,190
WH_WEST,763,400,161
WH_NORTH,763,69,79
WH_SOUTH,763,578,176
WH_EAST,763,406,147
WH_WEST,764,753,142
WH_NORTH,764,192,183
WH_SOUTH,764,845,144
WH_EAST,764,271,120
WH_WEST,765,244,57
WH_NORTH,765,514,91
WH_SOUTH,765,976,181
WH_EAST,765,520,60
WH_WEST,766,345,53
WH_NORTH,766,406,199
WH_SOUTH,766,532,92
WH_EAST,766,589,81
WH_WEST,767,294,164
WH_NORTH,767,878,86
WH_SOUTH,767,776,186
WH_EAST,767,466,91
WH_WEST,768,631,76
WH_NORTH,768,886,189
WH_SOUTH,768,59,186
WH_EAST,768,562,196
WH_WEST,769,142,122
WH_NORTH,769,392,127
WH_SOUTH,769,503,90
WH_EAST,769,943,50
WH_WEST,770,355,168
WH_NORTH,770,415,140
WH_SOUTH,770,881,147
WH_EAST,770,931,157
WH_WEST,771,678,95
WH_NORTH,771,314,72
WH_SOUTH,771,707,146
WH_EAST,771,881,153
WH_WEST,772,468,165
WH_NORTH,772,404,161
WH_SOUTH,772,877,176
WH_EAST,772,807,134
WH_WEST,773,799,98
WH_NORTH,773,658,180
WH_SOUTH,773,742,128
WH_EAST,773,139,85
WH_WEST,774,881,73
WH_NORTH,774,49,194
WH_SOUTH,774,779,118
WH_EAST,774,923,68
WH_WEST,775,497,131
WH_NORTH,775,909,69
WH_SOUTH,775,580,77
WH_EAST,775,738,85
WH_WEST,776,43,179
WH_NORTH,776,367,185
WH_SOUTH,776,641,196
WH_EAST,776,424,171
WH_WEST,777,642,163
WH_NORTH,777,527,60
WH_SOUTH,777,312,136
WH_EAST,777,371,63
WH_WEST,778,49,108
WH_NORTH,778,191,157
WH_SOUTH,778,867,180
WH_EAST,778,36,197
WH_WEST,779,531,78
WH_NORTH,779,365,51
WH_SOUTH,779,129,97
WH_EAST,779,881,82
WH_WEST,780,667,160
WH_NORTH,780,526,66
WH_SOUTH,780,608,105
WH_EAST,780,415,122
WH_WEST,781,468,150
WH_NORTH,781,839,182
WH_SOUTH,781,350,60
WH_EAST,781,603,74
WH_WEST,782,293,74
WH_NORTH,782,540,109
WH_SOUTH,782,325,163
WH_EAST,782,241,55
WH_WEST,783,982,124
WH_NORTH,783,943,85
WH_SOUTH,783,351,115
WH_EAST,783,659,55
WH_WEST,784,850,96
WH_NORTH,784,854,116
WH_SOUTH,784,936,165
WH_EAST,784,484,188
WH_WEST,785,96,193
WH_NORTH,785,846,191
WH_SOUTH,785,556,118
WH_EAST,785,344,172
WH_WEST,786,861,191
WH_NORTH,786,322,139
WH_SOUTH,786,198,141
WH_EAST,786,556,88
WH_WEST,787,689,58
WH_NORTH,787,874,163
WH_SOUTH,787,646,58
WH_EAST,787,692,172
WH_WEST,788,877,107
WH_NORTH,788,279,126
WH_SOUTH,788,690,169
WH_EAST,788,364,59
WH_WEST,789,944,155
WH_NORTH,789,384,83
WH_SOUTH,789,792,62
WH_EAST,789,27,96
WH_WEST,790,689,141
WH_NORTH,790,368,163
WH_SOUTH,790,729,192
WH_EAST,790,204,107
WH_WEST,791,723,179
WH_NORTH,791,20,137
WH_SOUTH,791,805,96
WH_EAST,791,671,115
WH_WEST,792,736,124
WH_NORTH,792,535,64
WH_SOUTH,792,307,84
WH_EAST,792,680,92
WH_WEST,793,864,121
WH_NORTH,793,431,59
WH_SOUTH,793,270,142
WH_EAST,793,840,128
WH_WEST,794,272,172
WH_NORTH,794,579,76
WH_SOUTH,794,323,179
WH_EAST,794,522,102
WH_WEST,795,831,114
WH_NORTH,795,556,94
WH_SOUTH,795,395,104
WH_EAST,795,967,168
WH_WEST,796,754,172
WH_NORTH,796,399,199
WH_SOUTH,796,738,50
WH_EAST,796,291,76
WH_WEST,797,131,74
WH_NORTH,797,901,111
WH_SOUTH,797,648,122
WH_EAST,797,289,124
WH_WEST,798,138,80
WH_NORTH,798,766,105
WH_SOUTH,798,379,113
WH_EAST,798,548,175
WH_WEST,799,994,127
WH_NORTH,799,465,53
WH_SOUTH,799,55,152
WH_EAST,799,593,154
WH_WEST,800,844,143
WH_NORTH,800,711,101
WH_SOUTH,800,919,103
WH_EAST,800,165,102
WH_WEST,801,321,53
WH_NORTH,801,46,71
WH_SOUTH,801,652,178
WH_EAST,801,266,89
WH_WEST,802,501,155
WH_NORTH,802,975,68
WH_SOUTH,802,681,166
WH_EAST,802,84,188
WH_WEST,803,715,118
WH_NORTH,803,671,104
WH_SOUTH,803,28,137
WH_EAST,803,144,67
WH_WEST,804,610,177
WH_NORTH,804,132,69
WH_SOUTH,804,738,189
WH_EAST,804,997,69
WH_WEST,805,401,147
WH_NORTH,805,588,199
WH_SOUTH,805,415,116
WH_EAST,805,527,177
WH_WEST,806,580,68
WH_NORTH,806,675,97
WH_SOUTH,806,946,195
WH_EAST,806,915,133
WH_WEST,807,69,169
WH_NORTH,807,52,139
WH_SOUTH,807,90,133
WH_EAST,807,402,193
WH_WEST,808,81,177
WH_NORTH,808,741,190
WH_SOUTH,808,219,101
WH_EAST,808,81,182
WH_WEST,809,389,133
WH_NORTH,809,505,166
WH_SOUTH,809,84,63
WH_EAST,809,437,197
WH_WEST,810,812,68
WH_NORTH,810,243,150
WH_SOUTH,810,425,188
WH_EAST,810,507,74
WH_WEST,811,582,167
WH_NORTH,811,306,157
WH_SOUTH,811,372,119
WH_EAST,811,958,110
WH_WEST,812,65,139
WH_NORTH,812,686,126
WH_SOUTH,812,126,83
WH_EAST,812,648,51
WH_WEST,813,596,129
WH_NORTH,813,318,137
WH_SOUTH,813,226,79
WH_EAST,813,227,185
WH_WEST,814,595,108
WH_NORTH,814,359,160
WH_SOUTH,814,700,109
WH_EAST,814,2,148
WH_WEST,815,824,79
WH_NORTH,815,814,55
WH_SOUTH,815,486,55
WH_EAST,815,776,50
WH_WEST,816,296,108
WH_NORTH,816,341,141
WH_SOUTH,816,55,184
WH_EAST,816,434,188
WH_WEST,817,623,75
WH_NORTH,817,816,142
WH_SOUTH,817,740,159
WH_EAST,817,870,84
WH_WEST,818,191,74
WH_NORTH,818,150,107
WH_SOUTH,818,125,126
WH_EAST,818,698,86
WH_WEST,819,974,123
WH_NORTH,819,520,79
WH_SOUTH,819,700,166
WH_EAST,819,447,141
WH_WEST,820,696,147
WH_NORTH,820,992,136
WH_SOUTH,820,872,67
WH_EAST,820,887,123
WH_WEST,821,60,150
WH_NORTH,821,417,80
WH_SOUTH,821,972,103
WH_EAST,821,482,130
WH_WEST,822,234,176
WH_NORTH,822,948,164
WH_SOUTH,822,876,87
WH_EAST,822,208,120
WH_WEST,823,751,141
WH_NORTH,823,176,99
WH_SOUTH,823,671,167
WH_EAST,823,999,135
WH_WEST,824,958,140
WH_NORTH,824,121,73
WH_SOUTH,824,922,58
WH_EAST,824,965,165
WH_WEST,825,770,107
WH_NORTH,825,866,142
WH_SOUTH,825,770,110
WH_EAST,825,688,159
WH_WEST,826,953,93
WH_NORTH,826,384,77
WH_SOUTH,826,443,173
WH_EAST,826,611,98
WH_WEST,827,959,123
WH_NORTH,827,886,154
WH_SOUTH,827,821,69
WH_EAST,827,926,159
WH_WEST,828,422,184
WH_NORTH,828,581,83
WH_SOUTH,828,885,114
WH_EAST,828,257,56
WH_WEST,829,969,162
WH_NORTH,829,450,164
WH_SOUTH,829,176,134
WH_EAST,829,890,155
WH_WEST,830,513,78
WH_NORTH,830,469,168
WH_SOUTH,830,67,115
WH_EAST,830,531,105
WH_WEST,831,113,132
WH_NORTH,831,392,133
WH_SOUTH,831,127,141
WH_EAST,831,353,157
WH_WEST,832,957,81
WH_NORTH,832,64,63
WH_SOUTH,832,219,187
WH_EAST,832,515,128
WH_WEST,833,694,199
WH_NORTH,833,826,171
WH_SOUTH,833,78,89
WH_EAST,833,445,106
WH_WEST,834,789,62
WH_NORTH,834,386,169
WH_SOUTH,834,311,173
WH_EAST,834,821,184
WH_WEST,835,714,147
WH_NORTH,835,683,171
WH_SOUTH,835,13,170
WH_EAST,835,614,171
WH_WEST,836,472,93
WH_NORTH,836,336,89
WH_SOUTH,836,83,183
WH_EAST,836,860,81
WH_WEST,837,734,106
WH_NORTH,837,342,65
WH_SOUTH,837,299,101
WH_EAST,837,852,155
WH_WEST,838,582,167
WH_NORTH,838,240,116
WH_SOUTH,838,938,64
WH_EAST,838,894,109
WH_WEST,839,341,199
WH_NORTH,839,10,160
WH_SOUTH,839,328,132
WH_EAST,839,144,51
WH_WEST,840,396,107
WH_NORTH,840,463,81
WH_SOUTH,840,373,104
WH_EAST,840,357,129
WH_WEST,841,198,137
WH_NORTH,841,367,185
WH_SOUTH,841,376,66
WH_EAST,841,888,153
WH_WEST,842,988,91
WH_NORTH,842,978,159
WH_SOUTH,842,944,161
WH_EAST,842,3,125
WH_WEST,843,430,160
WH_NORTH,843,543,146
WH_SOUTH,843,411,80
WH_EAST,843,500,82
WH_WEST,844,625,118
WH_NORTH,844,671,86
WH_SOUTH,844,913,87
WH_EAST,844,626,79
WH_WEST,845,482,53
WH_NORTH,845,519,122
WH_SOUTH,845,857,170
WH_EAST,845,425,58
WH_WEST,846,87,81
WH_NORTH,846,516,91
WH_SOUTH,846,142,196
WH_EAST,846,911,136
WH_WEST,847,350,86
WH_NORTH,847,400,144
WH_SOUTH,847,622,91
WH_EAST,847,737,128
WH_WEST,848,118,91
WH_NORTH,848,235,181
WH_SOUTH,848,720,135
WH_EAST,848,495,113
WH_WEST,849,159,180
WH_NORTH,849,94,156
WH_SOUTH,849,851,162
WH_EAST,849,681,123
WH_WEST,850,724,82
WH_NORTH,850,855,193
WH_SOUTH,850,981,57
WH_EAST,850,623,74
WH_WEST,851,655,163
WH_NORTH,851,227,80
WH_SOUTH,851,991,93
WH_EAST,851,464,166
WH_WEST,852,877,125
WH_NORTH,852,876,179
WH_SOUTH,852,542,105
WH_EAST,852,237,133
WH_WEST,853,211,149
WH_NORTH,853,355,160
WH_SOUTH,853,617,116
WH_EAST,853,134,138
WH_WEST,854,301,136
WH_NORTH,854,347,132
WH_SOUTH,854,430,124
WH_EAST,854,507,91
WH_WEST,855,553,106
WH_NORTH,855,625,78
WH_SOUTH,855,934,58
WH_EAST,855,89,197
WH_WEST,856,621,136
WH_NORTH,856,783,159
WH_SOUTH,856,143,123
WH_EAST,856,191,195
WH_WEST,857,524,137
WH_NORTH,857,181,105
WH_SOUTH,857,646,199
WH_EAST,857,430,134
WH_WEST,858,739,119
WH_NORTH,858,79,183
WH_SOUTH,858,230,131
WH_EAST,858,153,73
WH_WEST,859,900,155
WH_NORTH,859,18,161
WH_SOUTH,859,703,87
WH_EAST,859,44,90
WH_WEST,860,461,137
WH_NORTH,860,978,170
WH_SOUTH,860,970,69
WH_EAST,860,101,57
WH_WEST,861,835,131
WH_NORTH,861,834,117
WH_SOUTH,861,964,90
WH_EAST,861,154,74
WH_WEST,862,621,129
WH_NORTH,862,991,129
WH_SOUTH,862,721,140
WH_EAST,862,189,189
WH_WEST,863,948,98
WH_NORTH,863,551,65
WH_SOUTH,863,388,93
WH_EAST,863,791,90
WH_WEST,864,281,59
WH_NORTH,864,808,78
WH_SOUTH,864,363,170
WH_EAST,864,56,86
WH_WEST,865,666,76
WH_NORTH,865,357,192
WH_SOUTH,865,598,149
WH_EAST,865,175,195
WH_WEST,866,17,75
WH_NORTH,866,275,90
WH_SOUTH,866,836,105
WH_EAST,866,326,75
WH_WEST,867,819,142
WH_NORTH,867,811,106
WH_SOUTH,867,299,196
WH_EAST,867,370,73
WH_WEST,868,740,199
WH_NORTH,868,142,112
WH_SOUTH,868,880,120
WH_EAST,868,288,144
WH_WEST,869,766,113
WH_NORTH,869,753,147
WH_SOUTH,869,218,133
WH_EAST,869,570,55
WH_WEST,870,525,199
WH_NORTH,870,778,140
WH_SOUTH,870,648,102
WH_EAST,870,708,170
WH_WEST,871,837,112
WH_NORTH,871,856,62
WH_SOUTH,871,906,106
WH_EAST,871,216,151
WH_WEST,872,190,122
WH_NORTH,872,409,164
WH_SOUTH,872,480,130
WH_EAST,872,263,100
WH_WEST,873,993,194
WH_NORTH,873,177,118
WH_SOUTH,873,311,152
WH_EAST,873,528,54
WH_WEST,874,854,173
WH_NORTH,874,561,139
WH_SOUTH,874,331,61
WH_EAST,874,556,121
WH_WEST,875,301,142
WH_NORTH,875,127,88
WH_SOUTH,875,292,168
WH_EAST,875,438,153
WH_WEST,876,107,141
WH_NORTH,876,190,85
WH_SOUTH,876,458,128
WH_EAST,876,564,195
WH_WEST,877,66,121
WH_NORTH,877,419,86
WH_SOUTH,877,20,195
WH_EAST,877,154,119
WH_WEST,878,97,164
WH_NORTH,878,324,60
WH_SOUTH,878,340,107
WH_EAST,878,560,154
WH_WEST,879,904,146
WH_NORTH,879,737,72
WH_SOUTH,879,541,192
WH_EAST,879,325,185
WH_WEST,880,711,157
WH_NORTH,880,857,161
WH_SOUTH,880,696,169
WH_EAST,880,44,99
WH_WEST,881,929,52
WH_NORTH,881,784,67
WH_SOUTH,881,124,150
WH_EAST,881,576,167
WH_WEST,882,151,82
WH_NORTH,882,126,82
WH_SOUTH,882,358,50
WH_EAST,882,756,104
WH_WEST,883,385,90
WH_NORTH,883,387,74
WH_SOUTH,883,850,160
WH_EAST,883,274,122
WH_WEST,884,417,161
WH_NORTH,884,458,195
WH_SOUTH,884,208,132
WH_EAST,884,984,162
WH_WEST,885,934,128
WH_NORTH,885,604,50
WH_SOUTH,885,620,169
WH_EAST,885,162,116
WH_WEST,886,131,71
WH_NORTH,886,283,151
WH_SOUTH,886,172,127
WH_EAST,886,739,164
WH_WEST,887,497,179
WH_NORTH,887,587,85
WH_SOUTH,887,677,72
WH_EAST,887,579,173
WH_WEST,888,948,93
WH_NORTH,888,113,79
WH_SOUTH,888,20,139
WH_EAST,888,88,132
WH_WEST,889,372,84
WH_NORTH,889,376,89
WH_SOUTH,889,503,97
WH_EAST,889,978,168
WH_WEST,890,98,107
WH_NORTH,890,546,73
WH_SOUTH,890,686,123
WH_EAST,890,409,148
WH_WEST,891,384,53
WH_NORTH,891,336,193
WH_SOUTH,891,824,74
WH_EAST,891,807,89
WH_WEST,892,17,139
WH_NORTH,892,133,52
WH_SOUTH,892,660,160
WH_EAST,892,671,172
WH_WEST,893,986,134
WH_NORTH,893,951,189
WH_SOUTH,893,421,167
WH_EAST,893,880,66
WH_WEST,894,48,197
WH_NORTH,894,521,122
WH_SOUTH,894,117,111
WH_EAST,894,961,199
WH_WEST,895,813,148
WH_NORTH,895,851,125
WH_SOUTH,895,745,164
WH_EAST,895,155,177
WH_WEST,896,28,104
WH_NORTH,896,227,88
WH_SOUTH,896,658,73
WH_EAST,896,108,56
WH_WEST,897,293,174
WH_NORTH,897,311,182
WH_SOUTH,897,935,76
WH_EAST,897,452,174
WH_WEST,898,396,122
WH_NORTH,898,970,175
WH_SOUTH,898,231,162
WH_EAST,898,514,176
WH_WEST,899,81,185
WH_NORTH,899,980,70
WH_SOUTH,899,438,62
WH_EAST,899,195,105
WH_WEST,900,341,139
WH_NORTH,900,606,126
WH_SOUTH,900,970,52
WH_EAST,900,898,57
WH_WEST,901,959,53
WH_NORTH,901,779,56
WH_SOUTH,901,772,65
WH_EAST,901,647,110
WH_WEST,902,887,108
WH_NORTH,902,855,177
WH_SOUTH,902,322,77
WH_EAST,902,569,161
WH_WEST,903,425,82
WH_NORTH,903,893,62
WH_SOUTH,903,118,133
WH_EAST,903,589,55
WH_WEST,904,672,56
WH_NORTH,904,399,169
WH_SOUTH,904,54,93
WH_EAST,904,628,116
WH_WEST,905,900,91
WH_NORTH,905,25,141
WH_SOUTH,905,795,115
WH_EAST,905,113,84
WH_WEST,906,783,82
WH_NORTH,906,661,161
WH_SOUTH,906,733,150
WH_EAST,906,251,136
WH_WEST,907,595,169
WH_NORTH,907,371,198
WH_SOUTH,907,66,178
WH_EAST,907,324,113
WH_WEST,908,255,170
WH_NORTH,908,243,86
WH_SOUTH,908,412,84
WH_EAST,908,519,83
WH_WEST,909,39,141
WH_NORTH,909,651,152
WH_SOUTH,909,684,157
WH_EAST,909,697,198
WH_WEST,910,667,110
WH_NORTH,910,78,99
WH_SOUTH,910,273,186
WH_EAST,910,126,78
WH_WEST,911,744,162
WH_NORTH,911,481,81
WH_SOUTH,911,362,155
WH_EAST,911,331,106
WH_WEST,912,154,161
WH_NORTH,912,151,105
WH_SOUTH,912,38,184
WH_EAST,912,13,184
WH_WEST,913,628,142
WH_NORTH,913,824,82
WH_SOUTH,913,587,161
WH_EAST,913,446,103
WH_WEST,914,626,60
WH_NORTH,914,908,78
WH_SOUTH,914,640,55
WH_EAST,914,719,172
WH_WEST,915,891,90
WH_NORTH,915,548,111
WH_SOUTH,915,521,116
WH_EAST,915,329,161
WH_WEST,916,315,155
WH_NORTH,916,987,199
WH_SOUTH,916,111,192
WH_EAST,916,304,128
WH_WEST,917,651,101
WH_NORTH,917,923,139
WH_SOUTH,917,105,136
WH_EAST,917,922,168
WH_WEST,918,758,131
WH_NORTH,918,37,77
WH_SOUTH,918,13,62
WH_EAST,918,230,102
WH_WEST,919,160,159
WH_NORTH,919,848,141
WH_SOUTH,919,382,101
WH_EAST,919,5,68
WH_WEST,920,919,104
WH_NORTH,920,343,158
WH_SOUTH,920,287,145
WH_EAST,920,565,107
WH_WEST,921,550,163
WH_NORTH,921,434,52
WH_SOUTH,921,199,165
WH_EAST,921,648,147
WH_WEST,922,291,55
WH_NORTH,922,335,63
WH_SOUTH,922,71,185
WH_EAST,922,140,153
WH_WEST,923,808,155
WH_NORTH,923,696,107
WH_SOUTH,923,847,113
WH_EAST,923,231,79
WH_WEST,924,230,182
WH_NORTH,924,466,101
WH_SOUTH,924,51,192
WH_EAST,924,337,121
WH_WEST,925,100,59
WH_NORTH,925,970,126
WH_SOUTH,925,513,101
WH_EAST,925,233,154
WH_WEST,926,852,178
WH_NORTH,926,520,176
WH_SOUTH,926,749,142
WH_EAST,926,745,141
WH_WEST,927,678,157
WH_NORTH,927,660,172
WH_SOUTH,927,390,132
WH_EAST,927,438,106
WH_WEST,928,203,155
WH_NORTH,928,589,76
WH_SOUTH,928,790,97
WH_EAST,928,742,131
WH_WEST,929,843,95
WH_NORTH,929,603,70
WH_SOUTH,929,908,68
WH_EAST,929,474,141
WH_WEST,930,628,140
WH_NORTH,930,914,193
WH_SOUTH,930,498,96
WH_EAST,930,304,170
WH_WEST,931,182,183
WH_NORTH,931,625,108
WH_SOUTH,931,875,140
WH_EAST,931,881,151
WH_WEST,932,593,67
WH_NORTH,932,770,55
WH_SOUTH,932,481,65
WH_EAST,932,847,55
WH_WEST,933,318,62
WH_NORTH,933,238,142
WH_SOUTH,933,95,126
WH_EAST,933,437,89
WH_WEST,934,928,67
WH_NORTH,934,833,194
WH_SOUTH,934,826,95
WH_EAST,934,105,118
WH_WEST,935,748,155
WH_NORTH,935,981,74
WH_SOUTH,935,344,190
WH_EAST,935,638,71
WH_WEST,936,247,88
WH_NORTH,936,725,62
WH_SOUTH,936,738,56
WH_EAST,936,820,117
WH_WEST,937,849,171
WH_NORTH,937,364,164
WH_SOUTH,937,598,185
WH_EAST,937,411,66
WH_WEST,938,448,179
WH_NORTH,938,984,183
WH_SOUTH,938,491,91
WH_EAST,938,733,171
WH_WEST,939,391,81
WH_NORTH,939,23,85
WH_SOUTH,939,50,65
WH_EAST,939,387,122
WH_WEST,940,218,197
WH_NORTH,940,25,126
WH_SOUTH,940,192,197
WH_EAST,940,750,195
WH_WEST,941,102,182
WH_NORTH,941,863,141
WH_SOUTH,941,911,53
WH_EAST,941,643,99
WH_WEST,942,336,64
WH_NORTH,942,546,197
WH_SOUTH,942,136,197
WH_EAST,942,268,106
WH_WEST,943,699,179
WH_NORTH,943,625,115
WH_SOUTH,943,776,57
WH_EAST,943,738,196
WH_WEST,944,215,53
WH_NORTH,944,999,142
WH_SOUTH,944,461,135
WH_EAST,944,971,143
WH_WEST,945,937,121
WH_NORTH,945,731,90
WH_SOUTH,945,823,165
WH_EAST,945,740,63
WH_WEST,946,898,146
WH_NORTH,946,542,104
WH_SOUTH,946,141,190
WH_EAST,946,473,162
WH_WEST,947,308,155
WH_NORTH,947,31,72
WH_SOUTH,947,867,174
WH_EAST,947,621,53
WH_WEST,948,145,110
WH_NORTH,948,166,143
WH_SOUTH,948,897,99
WH_EAST,948,447,167
WH_WEST,949,572,126
WH_NORTH,949,986,193
WH_SOUTH,949,115,126
WH_EAST,949,855,66
WH_WEST,950,657,167
WH_NORTH,950,695,82
WH_SOUTH,950,687,52
WH_EAST,950,809,54
WH_WEST,951,745,116
WH_NORTH,951,960,163
WH_SOUTH,951,844,98
WH_EAST,951,884,161
WH_WEST,952,912,141
WH_NORTH,952,462,69
WH_SOUTH,952,892,54
WH_EAST,952,20,122
WH_WEST,953,757,191
WH_NORTH,953,349,184
WH_SOUTH,953,257,145
WH_EAST,953,594,147
WH_WEST,954,763,156
WH_NORTH,954,593,120
WH_SOUTH,954,672,184
WH_EAST,954,92,170
WH_WEST,955,42,53
WH_NORTH,955,217,147
WH_SOUTH,955,42,138
WH_EAST,955,278,155
WH_WEST,956,214,97
WH_NORTH,956,60,102
WH_SOUTH,956,863,168
WH_EAST,956,912,188
WH_WEST,957,652,68
WH_NORTH,957,299,144
WH_SOUTH,957,142,64
WH_EAST,957,212,52
WH_WEST,958,648,53
WH_NORTH,958,353,124
WH_SOUTH,958,514,74
WH_EAST,958,989,96
WH_WEST,959,252,126
WH_NORTH,959,677,91
WH_SOUTH,959,601,129
WH_EAST,959,960,55
WH_WEST,960,285,141
WH_NORTH,960,118,74
WH_SOUTH,960,646,89
WH_EAST,960,86,91
WH_WEST,961,782,192
WH_NORTH,961,342,109
WH_SOUTH,961,110,109
WH_EAST,961,209,110
WH_WEST,962,960,146
WH_NORTH,962,16,60
WH_SOUTH,962,157,154
WH_EAST,962,406,96
WH_WEST,963,577,123
WH_NORTH,963,590,141
WH_SOUTH,963,34,105
WH_EAST,963,480,171
WH_WEST,964,440,56
WH_NORTH,964,864,165
WH_SOUTH,964,799,99
WH_EAST,964,222,113
WH_WEST,965,564,167
WH_NORTH,965,254,199
WH_SOUTH,965,952,109
WH_EAST,965,689,137
WH_WEST,966,233,178
WH_NORTH,966,443,62
WH_SOUTH,966,916,194
WH_EAST,966,664,141
WH_WEST,967,856,119
WH_NORTH,967,748,176
WH_SOUTH,967,594,134
WH_EAST,967,277,129
WH_WEST,968,507,72
WH_NORTH,968,826,128
WH_SOUTH,968,216,74
WH_EAST,968,45,79
WH_WEST,969,125,171
WH_NORTH,969,426,96
WH_SOUTH,969,75,94
WH_EAST,969,969,160
WH_WEST,970,357,157
WH_NORTH,970,537,162
WH_SOUTH,970,934,157
WH_EAST,970,100,155
WH_WEST,971,621,71
WH_NORTH,971,377,58
WH_SOUTH,971,941,79
WH_EAST,971,700,158
WH_WEST,972,925,195
WH_NORTH,972,8,159
WH_SOUTH,972,281,150
WH_EAST,972,827,64
WH_WEST,973,151,155
WH_NORTH,973,354,174
WH_SOUTH,973,215,177
WH_EAST,973,914,55
WH_WEST,974,933,175
WH_NORTH,974,906,103
WH_SOUTH,974,874,122
WH_EAST,974,137,61
WH_WEST,975,614,143
WH_NORTH,975,653,155
WH_SOUTH,975,22,79
WH_EAST,975,402,168
WH_WEST,976,239,182
WH_NORTH,976,575,96
WH_SOUTH,976,36,185
WH_EAST,976,205,138
WH_WEST,977,280,164
WH_NORTH,977,303,194
WH_SOUTH,977,712,181
WH_EAST,977,864,76
WH_WEST,978,931,145
WH_NORTH,978,829,177
WH_SOUTH,978,613,197
WH_EAST,978,443,138
WH_WEST,979,621,153
WH_NORTH,979,123,81
WH_SOUTH,979,827,155
WH_EAST,979,89,102
WH_WEST,980,177,117
WH_NORTH,980,847,74
WH_SOUTH,980,335,60
WH_EAST,980,178,111
WH_WEST,981,943,155
WH_NORTH,981,191,172
WH_SOUTH,981,916,105
WH_EAST,981,424,193
WH_WEST,982,722,81
WH_NORTH,982,122,80
WH_SOUTH,982,666,119
WH_EAST,982,617,191
WH_WEST,983,936,75
WH_NORTH,983,65,118
WH_SOUTH,983,834,77
WH_EAST,983,950,127
WH_WEST,984,429,78
WH_NORTH,984,494,105
WH_SOUTH,984,399,118
WH_EAST,984,64,131
WH_WEST,985,511,104
WH_NORTH,985,615,156
WH_SOUTH,985,294,57
WH_EAST,985,399,98
WH_WEST,986,419,54
WH_NORTH,986,591,55
WH_SOUTH,986,736,142
WH_EAST,986,713,103
WH_WEST,987,218,50
WH_NORTH,987,214,99
WH_SOUTH,987,177,135
WH_EAST,987,825,58
WH_WEST,988,389,101
WH_NORTH,988,209,160
WH_SOUTH,988,502,96
WH_EAST,988,930,126
WH_WEST,989,28,186
WH_NORTH,989,973,120
WH_SOUTH,989,483,57
WH_EAST,989,165,177
WH_WEST,990,917,150
WH_NORTH,990,435,54
WH_SOUTH,990,474,101
WH_EAST,990,637,127
WH_WEST,991,460,103
WH_NORTH,991,334,60
WH_SOUTH,991,812,153
WH_EAST,991,990,120
WH_WEST,992,444,80
WH_NORTH,992,120,163
WH_SOUTH,992,699,137
WH_EAST,992,527,152
WH_WEST,993,841,174
WH_NORTH,993,202,140
WH_SOUTH,993,997,107
WH_EAST,993,813,151
WH_WEST,994,430,88
WH_NORTH,994,668,98
WH_SOUTH,994,670,181
WH_EAST,994,677,65
WH_WEST,995,162,79
WH_NORTH,995,262,91
WH_SOUTH,995,454,63
WH_EAST,995,101,175
WH_WEST,996,941,95
WH_NORTH,996,233,58
WH_SOUTH,996,607,91
WH_EAST,996,333,93
WH_WEST,997,324,197
WH_NORTH,997,569,53
WH_SOUTH,997,75,125
WH_EAST,997,485,79
WH_WEST,998,994,73
WH_NORTH,998,589,106
WH_SOUTH,998,214,181
WH_EAST,998,681,52
WH_WEST,999,338,145
WH_NORTH,999,562,199
WH_SOUTH,999,445,126
WH_EAST,999,968,189
WH_WEST,1000,695,110
WH_NORTH,1000,194,150
WH_SOUTH,1000,57,149
WH_EAST,1000,46,119
