product_id,name,category,sub_category,price,brand
1,Wable-Lata Wall Art Pro,Home,Decor,8771.02,Wable-Lata
2,Kakar-Deshpande Premium Belt,Electronics,Accessories,55858.21,Kakar-Deshpande
3,Choudhary Bedsheet Set X,Home,Bedding,14439.66,"Choudhary, Barad and Soni"
4,Taneja Microwave Max,Home,Kitchen,13771.0,Taneja and Sons
5,Chopra Premium T-Shirt,Fashion,Kids,2349.95,Chopra and Sons
6,Saini Building Blocks Elite,Fashion,Kids,3019.43,"Saini, Swamy and Goel"
7,Dara-Kapoor Microwave Lite,Home,Kitchen,2386.34,Dara-Kapoor
8,Kalla Premium Blush,Beauty,Makeup,2473.9,"Kalla, Walia and Khosla"
9,Bala Premium Cookies,Grocery,Snacks,234.8,Bala Ltd
10,Mahal-Garg Wireless Earbuds Ultra,Electronics,Audio,84569.85,Mahal-Garg
11,Chahal Premium Sandals,Fashion,Footwear,3958.53,"Chahal, Barad and Rao"
12,Wali-Sharaf Premium Oats,Grocery,Staples,908.23,Wali-Sharaf
13,Singh-Garde Premium Wardrobe,Home,Furniture,11573.47,Singh-Garde
14,Ramesh Premium Jacket,Fashion,Men,2968.54,"Ramesh, Kadakia and Mahajan"
15,Biswas Shampoo Premium,Beauty,Haircare,2730.09,Biswas LLC
16,Batra Chromebook Max,Electronics,Laptops,75322.21,Batra and Sons
17,Salvi Oats X,Grocery,Staples,707.74,"Salvi, Wable and Baral"
18,Gokhale Premium Pillow Covers,Home,Bedding,7912.39,Gokhale LLC
19,Krishna Chips Pro,Grocery,Snacks,992.8,"Krishna, Rana and Lad"
20,Shah Keyboard Plus,Fashion,Accessories,308.21,Shah PLC
21,Sankaran Premium Mirror,Home,Decor,5324.58,Sankaran and Sons
22,Khare Garbage Bags X,Grocery,Household,500.92,Khare PLC
23,Deol Premium Ultrabook,Electronics,Laptops,21854.84,Deol Inc
24,Soni Slippers Plus,Fashion,Footwear,321.9,Soni LLC
25,Anne-Saini Premium MacBook,Electronics,Laptops,12279.65,Anne-Saini
26,Kar-Zacharia Power Bank Ultra,Electronics,Accessories,50649.13,Kar-Zacharia
27,Karnik Premium Moisturizer,Beauty,Skincare,2157.41,Karnik Group
28,Sarraf Sandals X,Fashion,Footwear,3280.51,"Sarraf, Sandal and Setty"
29,Sachdev Premium Moisturizer,Beauty,Skincare,2451.98,"Sachdev, Taneja and Sabharwal"
30,Trivedi T-Shirt Lite,Fashion,Kids,1797.33,Trivedi LLC
31,Yadav-Sawhney Premium Bed Frame,Home,Furniture,9863.52,Yadav-Sawhney
32,Doctor-Shah Moisturizer V2,Beauty,Skincare,854.98,Doctor-Shah
33,Gaba-Sachdeva Cap Lite,Fashion,Accessories,3818.3,Gaba-Sachdeva
34,Kanda Premium Scarf,Fashion,Accessories,1305.09,"Kanda, Banerjee and Behl"
35,Tripathi Premium Suit,Fashion,Men,4832.85,Tripathi Inc
36,Swamy-Shroff Premium Hair Mask,Beauty,Haircare,2126.22,Swamy-Shroff
37,Johal Boots Essentials,Fashion,Footwear,1834.33,"Johal, Sura and Lall"
38,Cheema-Bhardwaj Premium Body Wash,Grocery,Personal Care,703.3,Cheema-Bhardwaj
39,Bail Premium Toy Robot,Fashion,Kids,3854.16,"Bail, Bhattacharyya and Dixit"
40,Hari Premium Vase,Home,Decor,11675.76,Hari LLC
41,Rama-Seshadri Premium Wheat Flour,Grocery,Staples,658.07,Rama-Seshadri
42,Wali-D’Alia Premium Shampoo,Beauty,Haircare,490.12,Wali-D’Alia
43,Dey Premium Running Shoes,Fashion,Footwear,2011.93,"Dey, Kala and Lalla"
44,Grewal-Kunda Phone Case Pro,Fashion,Accessories,1598.5,Grewal-Kunda
45,Sathe Bedsheet Set X,Home,Bedding,10167.24,Sathe Inc
46,Sura Premium Kurti,Fashion,Women,2620.67,Sura PLC
47,Char Premium Deodorant,Grocery,Personal Care,73.43,Char LLC
48,Sane Soap Plus,Grocery,Personal Care,735.45,"Sane, Gera and Krishnamurthy"
49,Khanna Office Chair Elite,Home,Furniture,17293.23,"Khanna, Bir and Gulati"
50,Sangha Dinner Set X,Home,Kitchen,13854.96,Sangha and Sons
51,Suri Premium Saree,Fashion,Women,341.87,"Suri, Khalsa and Gill"
52,Tripathi Bluetooth Speaker Elite,Electronics,Audio,21093.8,Tripathi and Sons
53,Ravel-Banik Boots Pro,Fashion,Footwear,1394.49,Ravel-Banik
54,Brahmbhatt Premium Skirt,Fashion,Women,3402.14,"Brahmbhatt, Hayer and Dua"
55,Bhakta Premium Business Laptop,Electronics,Laptops,83242.45,Bhakta Ltd
56,Chadha Ultrabook V2,Electronics,Laptops,13902.75,Chadha and Sons
57,Sridhar Sunglasses Premium,Electronics,Accessories,11045.61,"Sridhar, Kanda and Talwar"
58,Varma Loafers Elite,Fashion,Footwear,2800.59,Varma PLC
59,Aurora Premium Toy Robot,Fashion,Kids,4867.06,"Aurora, Konda and Dash"
60,Johal-Shan Premium Air Freshener,Grocery,Household,853.93,Johal-Shan
61,Ray Convertible 2-in-1 Essentials,Electronics,Laptops,45394.52,"Ray, Dube and Mane"
62,Bail-Gulati Earphones Lite,Electronics,Audio,90001.96,Bail-Gulati
63,Ratta Jacket X,Fashion,Kids,4246.96,"Ratta, Tella and Dugar"
64,Savant Premium Air Fryer,Home,Kitchen,14351.88,"Savant, Rao and Agarwal"
65,Sha Premium Fitness Band,Electronics,Wearables,77493.35,"Sha, Sanghvi and Rau"
66,Manda Backpack V2,Electronics,Accessories,96774.5,Manda Group
67,Rau Premium Cutlery Set,Home,Kitchen,5698.5,"Rau, Taneja and Deol"
68,Sharma Premium Perfume,Beauty,Fragrance,2371.75,Sharma Ltd
69,Dar Premium Bedsheet Set,Home,Bedding,17431.67,"Dar, Gera and Jhaveri"
70,Chandra Body Mist Plus,Beauty,Fragrance,1989.68,Chandra PLC
71,Subramaniam-Arya Premium Feature Phone,Electronics,Mobiles,52033.82,Subramaniam-Arya
72,Bansal Premium Salt,Grocery,Staples,636.6,Bansal Inc
73,Wadhwa Loafers Premium,Fashion,Footwear,340.85,Wadhwa PLC
74,Agate-Sankar Premium Coffee,Grocery,Beverages,549.83,Agate-Sankar
75,Agate Premium Body Wash,Grocery,Personal Care,334.42,Agate Inc
76,Viswanathan Face Serum Pro,Beauty,Skincare,1002.91,"Viswanathan, Boase and Chakraborty"
77,Bala Premium Power Bank,Electronics,Accessories,67085.3,Bala LLC
78,Bhatti Blush Classic,Beauty,Makeup,346.42,Bhatti Ltd
79,Bail Premium Smartphone,Electronics,Mobiles,83514.02,Bail PLC
80,Dalal Premium Skirt,Fashion,Women,4739.07,"Dalal, Mani and Sekhon"
81,Handa-Sinha Premium Coffee Table,Home,Furniture,8951.11,Handa-Sinha
82,Lalla Lipstick Premium,Beauty,Makeup,244.38,Lalla PLC
83,Aurora Wall Art Pro,Home,Decor,12536.74,"Aurora, Dhingra and Kala"
84,Banik-Vala Hair Mask Pro,Beauty,Haircare,740.5,Banik-Vala
85,Bhardwaj-Tiwari Premium T-Shirt,Fashion,Men,1383.72,Bhardwaj-Tiwari
86,Venkatesh Garbage Bags Lite,Grocery,Household,834.79,Venkatesh Inc
87,Keer-Venkatesh Premium Smartphone,Electronics,Mobiles,29421.99,Keer-Venkatesh
88,Chana Cold Drink Plus,Grocery,Beverages,520.44,"Chana, Deep and Tailor"
89,Tella-Goda Premium Keyboard,Electronics,Accessories,20659.88,Tella-Goda
90,Rana Premium Sculpture,Home,Decor,2778.35,"Rana, Sen and Bedi"
91,Zachariah T-Shirt Pro,Fashion,Men,2959.92,Zachariah Group
92,Mander Premium T-Shirt,Fashion,Kids,4280.35,Mander Inc
93,Kadakia-Edwin Blanket Premium,Home,Bedding,922.85,Kadakia-Edwin
94,Shah Premium Energy Drink,Grocery,Beverages,954.86,Shah Group
95,Lanka Deodorant Spray Max,Beauty,Fragrance,2995.12,"Lanka, Rau and Seth"
96,Gopal Premium Smartphone,Electronics,Mobiles,517.04,"Gopal, Kashyap and Sekhon"
97,Sood-Bahl Premium Belt,Electronics,Accessories,24668.62,Sood-Bahl
98,Kaul Energy Drink Lite,Grocery,Beverages,338.44,Kaul and Sons
99,Kala Premium T-Shirt,Fashion,Kids,1663.0,Kala Inc
100,Thakkar Premium VR Headset,Electronics,Wearables,17295.55,Thakkar LLC
101,Bose Premium Jacket,Fashion,Men,1067.21,Bose Ltd
102,Yogi-Virk Ultrabook X,Electronics,Laptops,87295.12,Yogi-Virk
103,Amble-Hegde Dress Classic,Fashion,Kids,4435.2,Amble-Hegde
104,Bhatnagar Premium Bedsheet Set,Home,Bedding,3378.69,Bhatnagar Ltd
105,Srinivasan-Tiwari Trousers Max,Fashion,Men,965.2,Srinivasan-Tiwari
106,Sant Rug Ultra,Home,Decor,6316.62,Sant Ltd
107,Ghosh Premium Sunglasses,Fashion,Accessories,4402.06,"Ghosh, Brahmbhatt and Uppal"
108,Basu-Sahota Cushion Cover Premium,Home,Decor,19087.22,Basu-Sahota
109,Ramanathan-Talwar Mouse Plus,Electronics,Accessories,56558.32,Ramanathan-Talwar
110,Sood-Sinha Toner X,Beauty,Skincare,2739.35,Sood-Sinha
111,Sharaf Microwave Plus,Home,Kitchen,17552.5,"Sharaf, Dugar and Kale"
112,Halder-Loyal Premium Perfume,Beauty,Fragrance,2124.83,Halder-Loyal
113,Gulati-Kaur Premium Jeans,Fashion,Kids,4437.92,Gulati-Kaur
114,Som-Ravi Premium Sunscreen,Beauty,Skincare,1032.99,Som-Ravi
115,Setty Floor Cleaner Lite,Grocery,Household,365.51,"Setty, Sawhney and Datta"
116,Rana-Varty Premium Sneakers,Fashion,Kids,3793.6,Rana-Varty
117,Dewan Premium Toner,Beauty,Skincare,2283.1,Dewan and Sons
118,Krishnan Premium Soundbar,Electronics,Audio,48349.0,"Krishnan, Dua and Agrawal"
119,Agate School Bag Ultra,Fashion,Kids,3249.73,Agate Inc
120,Bhakta Rug Ultra,Home,Decor,1841.25,"Bhakta, Cherian and Sidhu"
121,Deep-Chandran Shaving Cream Essentials,Grocery,Personal Care,511.99,Deep-Chandran
122,Kumer-Deshmukh Tea Max,Grocery,Beverages,435.85,Kumer-Deshmukh
123,Setty-Bava Home Theater Ultra,Electronics,Audio,76837.35,Setty-Bava
124,Sibal Handbag V2,Fashion,Women,1877.39,Sibal Group
125,Kulkarni Premium Duvet,Home,Bedding,4551.42,Kulkarni and Sons
126,Chana Phablet Pro,Electronics,Mobiles,50791.87,Chana and Sons
127,Vaidya-Sengupta Premium Biscuits,Grocery,Snacks,253.86,Vaidya-Sengupta
128,Sani Pan Classic,Home,Kitchen,19775.85,"Sani, Madan and Sant"
129,Choudhury Body Wash V2,Grocery,Personal Care,719.52,Choudhury Group
130,Sridhar-Solanki Bookshelf Ultra,Home,Furniture,14850.54,Sridhar-Solanki
131,Rege Keyboard Ultra,Electronics,Accessories,73337.68,Rege Ltd
132,Virk Shampoo Ultra,Beauty,Haircare,166.04,Virk and Sons
133,Dalal Headphones Essentials,Electronics,Audio,62479.11,"Dalal, Desai and Gala"
134,Bhardwaj Premium Toner,Beauty,Skincare,1633.62,Bhardwaj LLC
135,Bhargava-Keer Premium Energy Bar,Grocery,Snacks,68.51,Bhargava-Keer
136,Jain-Gour Premium Detergent,Grocery,Household,278.9,Jain-Gour
137,Luthra-Kade Premium Oats,Grocery,Staples,568.88,Luthra-Kade
138,Baral-Bail Premium Bookshelf,Home,Furniture,557.81,Baral-Bail
139,Sachdev Premium Fitness Band,Electronics,Wearables,20093.53,"Sachdev, Bakshi and Badami"
140,Wali Premium Smartwatch,Electronics,Wearables,80662.09,Wali LLC
141,Bassi Gaming Phone X,Electronics,Mobiles,8551.8,"Bassi, Varkey and Bhat"
142,Yadav Air Freshener Classic,Grocery,Household,999.9,"Yadav, Halder and Bumb"
143,Setty Premium Smartphone,Electronics,Mobiles,48527.02,"Setty, Desai and Krish"
144,Shetty Premium Headphones,Electronics,Audio,88236.07,"Shetty, Dar and Ratta"
145,Rattan Attar Classic,Beauty,Fragrance,403.72,Rattan and Sons
146,Kumar-Salvi Pillow Covers Essentials,Home,Bedding,5721.44,Kumar-Salvi
147,Basak Premium Earphones,Electronics,Audio,98814.43,"Basak, Dhar and Bala"
148,Hora Premium Building Blocks,Fashion,Kids,3131.24,Hora PLC
149,Sandal Eyeliner Pro,Beauty,Makeup,2057.84,"Sandal, Hayer and Wason"
150,Bassi Premium Saree,Fashion,Women,1756.06,Bassi LLC
151,Ghose Hair Gel Classic,Beauty,Haircare,1430.14,"Ghose, Ravel and Gill"
152,Lall Power Bank Max,Fashion,Accessories,2033.16,"Lall, Bajwa and Sachar"
153,Krishnamurthy Premium Suit,Fashion,Men,972.57,Krishnamurthy Group
154,Krish-Som Premium Duvet,Home,Bedding,2859.69,Krish-Som
155,Karpe-Gala Premium Sneakers,Fashion,Kids,3194.55,Karpe-Gala
156,Sant Chromebook X,Electronics,Laptops,36509.63,Sant and Sons
157,Kumar Cooking Oil Ultra,Grocery,Staples,524.34,Kumar and Sons
158,Sengupta Cologne Essentials,Beauty,Fragrance,2643.31,"Sengupta, Majumdar and Bir"
159,Korpal Premium Backpack,Fashion,Accessories,1235.91,Korpal Inc
160,Shanker Scarf V2,Fashion,Accessories,4158.75,"Shanker, Luthra and Dey"
161,Dave-Hari Premium Handbag,Fashion,Women,387.91,Dave-Hari
162,Ray Razor Lite,Grocery,Personal Care,618.56,"Ray, Dutta and Anand"
163,Sama Mineral Water Ultra,Grocery,Beverages,695.12,Sama and Sons
164,Madan Sunscreen Elite,Beauty,Skincare,216.07,"Madan, Bassi and Das"
165,Goswami Premium Hair Mask,Beauty,Haircare,2666.28,"Goswami, Sehgal and Zachariah"
166,Dixit Premium Feature Phone,Electronics,Mobiles,19268.01,"Dixit, Varkey and Bhagat"
167,Dubey Premium Concealer,Beauty,Makeup,1609.75,"Dubey, Chakrabarti and Randhawa"
168,Buch T-Shirt Lite,Fashion,Kids,875.82,Buch Group
169,Dey Premium Hair Mask,Beauty,Haircare,1096.19,"Dey, Edwin and Karan"
170,Bali Premium Cutlery Set,Home,Kitchen,1786.55,Bali Group
171,Dash-Contractor Ultrabook Ultra,Electronics,Laptops,31689.8,Dash-Contractor
172,Sahota-Bahl Knife Set Max,Home,Kitchen,7390.67,Sahota-Bahl
173,Bajwa Conditioner Ultra,Beauty,Haircare,2718.03,Bajwa Group
174,Char-Iyer Premium Razor,Grocery,Personal Care,460.48,Char-Iyer
175,Ghose Premium Building Blocks,Fashion,Kids,2975.61,Ghose LLC
176,Thaker Oats Premium,Grocery,Staples,743.62,"Thaker, Mandal and Kohli"
177,Chanda Phablet Premium,Electronics,Mobiles,67803.82,Chanda Group
178,Dada Premium Tissue Paper,Grocery,Household,851.08,"Dada, Baral and Ratti"
179,Loke Eyeshadow Palette Premium,Beauty,Makeup,2038.96,Loke and Sons
180,Butala-Sabharwal Premium Hair Gel,Beauty,Haircare,235.42,Butala-Sabharwal
181,Khosla Concealer Lite,Beauty,Makeup,1269.61,"Khosla, Kaur and Dugar"
182,Vala-Soman Premium Juice,Grocery,Beverages,230.99,Vala-Soman
183,Ram Premium Bluetooth Speaker,Electronics,Audio,38480.26,"Ram, Raman and Sarraf"
184,Shere Premium Mouse,Fashion,Accessories,4645.89,"Shere, Acharya and Kalla"
185,Apte Mascara Classic,Beauty,Makeup,1744.4,"Apte, Doctor and Bhardwaj"
186,Kalla Premium Gaming Laptop,Electronics,Laptops,5574.03,"Kalla, Randhawa and Tara"
187,Ahluwalia-Ramaswamy Hair Serum Ultra,Beauty,Haircare,685.36,Ahluwalia-Ramaswamy
188,Handa-Jaggi Premium Lipstick,Beauty,Makeup,2195.22,Handa-Jaggi
189,Basak Premium Blanket,Home,Bedding,10244.5,Basak Ltd
190,Chander Premium Bookshelf,Home,Furniture,14239.21,"Chander, Maharaj and Mani"
191,Venkatesh Premium Smartphone,Electronics,Mobiles,50834.37,Venkatesh Inc
192,Anand Premium Chips,Grocery,Snacks,803.1,"Anand, Khosla and Dugar"
193,Kale Curtains Essentials,Home,Decor,9318.63,"Kale, Doshi and Choudhary"
194,Mand-Tailor Microwave V2,Home,Kitchen,6499.06,Mand-Tailor
195,Apte Premium Sculpture,Home,Decor,11166.79,Apte PLC
196,Dyal-Choudhury Premium Air Fryer,Home,Kitchen,19032.1,Dyal-Choudhury
197,Sant Mineral Water X,Grocery,Beverages,214.49,Sant Group
198,Bhalla Jeans Premium,Fashion,Women,3257.48,Bhalla LLC
199,Venkatesh Premium Salt,Grocery,Staples,307.86,"Venkatesh, Bhavsar and Krishna"
200,Rajagopal Hair Serum V2,Beauty,Haircare,1999.62,"Rajagopal, Jani and Mann"
201,Kuruvilla Tea Max,Grocery,Beverages,429.28,Kuruvilla Ltd
202,Bhasin-Sahni Premium Dish Soap,Grocery,Household,954.15,Bhasin-Sahni
203,Dutta-Sabharwal Premium Pillow Covers,Home,Bedding,6474.54,Dutta-Sabharwal
204,Mahajan-Kalita Premium Sculpture,Home,Decor,10494.85,Mahajan-Kalita
205,Dass Chromebook Plus,Electronics,Laptops,3744.93,Dass LLC
206,Devan Cold Drink Plus,Grocery,Beverages,174.92,"Devan, Sur and Rajagopal"
207,Dey-Sama TV Unit Pro,Home,Furniture,17939.49,Dey-Sama
208,Chad Premium Chips,Grocery,Snacks,684.32,"Chad, Chadha and Atwal"
209,Tailor-Thaker Premium Chips,Grocery,Snacks,133.58,Tailor-Thaker
210,Walla Premium Shampoo,Beauty,Haircare,2263.86,"Walla, Sidhu and Mangat"
211,Bose Premium Shirt,Fashion,Men,693.52,"Bose, Gara and Soman"
212,Lalla-Soman Coffee Premium,Grocery,Beverages,94.28,Lalla-Soman
213,Bala Premium Salt,Grocery,Staples,883.17,Bala Inc
214,Sura Premium Dinner Set,Home,Kitchen,3445.22,Sura LLC
215,Balan Night Cream Max,Beauty,Skincare,650.99,"Balan, Saini and Sarna"
216,Majumdar Premium Formal Shoes,Fashion,Footwear,4542.56,"Majumdar, Soni and Karpe"
217,Jain-Rattan Chips Plus,Grocery,Snacks,994.71,Jain-Rattan
218,Datta Smart Glasses Essentials,Electronics,Wearables,24309.56,Datta Ltd
219,Randhawa-Bava Saree Max,Fashion,Women,2740.51,Randhawa-Bava
220,Varty Bookshelf Max,Home,Furniture,5687.2,"Varty, Venkataraman and Bahri"
221,Lad Business Laptop X,Electronics,Laptops,55522.18,"Lad, Ghosh and Upadhyay"
222,Dhillon Face Wash V2,Beauty,Skincare,1900.14,Dhillon PLC
223,Dar Premium Phablet,Electronics,Mobiles,30826.06,"Dar, Basak and Warrior"
224,Thaman Bed Frame Max,Home,Furniture,5184.62,"Thaman, Shroff and Zacharia"
225,Kannan Pillow Covers Pro,Home,Bedding,3511.83,Kannan Ltd
226,Kara Premium Soundbar,Electronics,Audio,84984.84,Kara Group
227,Srinivasan Phablet X,Electronics,Mobiles,68034.59,"Srinivasan, Cheema and Dhawan"
228,Kothari Premium Sugar,Grocery,Staples,391.93,Kothari PLC
229,Rattan Coffee Table V2,Home,Furniture,9730.07,"Rattan, Tailor and Chandra"
230,Krishna Premium Earphones,Electronics,Audio,82820.25,Krishna Inc
231,Basu Suit Classic,Fashion,Men,3503.28,"Basu, Hans and Saini"
232,Bassi-Yogi Premium Energy Bar,Grocery,Snacks,987.52,Bassi-Yogi
233,Kara-Salvi Skirt Lite,Fashion,Women,3356.24,Kara-Salvi
234,Bhasin Hair Mask V2,Beauty,Haircare,2678.33,Bhasin Inc
235,Dhar Premium Juice,Grocery,Beverages,576.55,Dhar Inc
236,Bala Premium Toaster,Home,Kitchen,6748.59,Bala Group
237,Kamdar Premium Jacket,Fashion,Men,3022.04,Kamdar Inc
238,Dugal-Dutta Premium Kurti,Fashion,Women,1204.8,Dugal-Dutta
239,Shukla-De Premium Dish Soap,Grocery,Household,469.72,Shukla-De
240,Khalsa Smart Glasses Premium,Electronics,Wearables,49775.72,Khalsa Ltd
241,Bali Moisturizer Premium,Beauty,Skincare,2838.0,"Bali, Krishnamurthy and Deshpande"
242,Lalla Skirt Premium,Fashion,Women,3659.55,"Lalla, Agate and Andra"
243,Atwal Premium Gaming Laptop,Electronics,Laptops,2287.69,Atwal Inc
244,Comar Comforter Plus,Home,Bedding,9649.9,Comar and Sons
245,Thaman Sandals Premium,Fashion,Footwear,2098.54,Thaman Ltd
246,Chad Jacket Essentials,Fashion,Men,2714.9,"Chad, Sen and Bhargava"
247,Tella-Mahal Premium Deodorant Spray,Beauty,Fragrance,2093.47,Tella-Mahal
248,Andra Premium Sculpture,Home,Decor,19149.12,"Andra, Datta and Agrawal"
249,Batra Cutlery Set Max,Home,Kitchen,1878.11,Batra Ltd
250,Tiwari Pillow Covers Max,Home,Bedding,12776.76,Tiwari Ltd
251,Buch Premium Hair Dryer,Beauty,Haircare,1447.76,"Buch, Bhagat and Goel"
252,Ravi Attar Plus,Beauty,Fragrance,1627.99,"Ravi, Mallick and Venkatesh"
253,Wable Premium Convertible 2-in-1,Electronics,Laptops,88419.93,"Wable, Barad and Mannan"
254,Kaul Premium Face Wash,Beauty,Skincare,1776.2,Kaul Group
255,Deol Premium Headphones,Electronics,Audio,76922.19,Deol LLC
256,Roy Premium Mouse,Electronics,Accessories,49194.04,Roy Group
257,Kade Knife Set Pro,Home,Kitchen,15322.04,"Kade, Dhawan and Edwin"
258,Barad-Lad Blush Ultra,Beauty,Makeup,756.0,Barad-Lad
259,Shanker Gaming Phone Max,Electronics,Mobiles,71142.38,"Shanker, Wadhwa and Dubey"
260,Mand-Mangat Premium Charger,Fashion,Accessories,2708.32,Mand-Mangat
261,Grover Premium Running Shoes,Fashion,Footwear,4020.72,Grover Ltd
262,Mahajan Shirt Plus,Fashion,Men,1041.02,"Mahajan, Sharma and Thakkar"
263,Chauhan Duvet Max,Home,Bedding,1927.77,Chauhan Group
264,Rao-Sidhu Premium Smart Glasses,Electronics,Wearables,34301.3,Rao-Sidhu
265,Dubey-Kohli Premium Smartwatch,Electronics,Wearables,48784.17,Dubey-Kohli
266,Rau Premium Eyeshadow Palette,Beauty,Makeup,212.12,Rau PLC
267,Dhingra Feature Phone Max,Electronics,Mobiles,35738.94,Dhingra PLC
268,Shanker-Sankaran Eyeliner V2,Beauty,Makeup,2638.89,Shanker-Sankaran
269,Ramachandran Earphones Lite,Electronics,Audio,6080.6,Ramachandran and Sons
270,Samra Cold Drink Premium,Grocery,Beverages,272.59,"Samra, Ramanathan and Shetty"
271,Verma Sneakers V2,Fashion,Kids,1280.6,Verma PLC
272,Choudhury Watch V2,Electronics,Accessories,10192.02,Choudhury PLC
273,Upadhyay Top Lite,Fashion,Women,831.72,Upadhyay Ltd
274,Ghose-Kakar Premium Headphones,Electronics,Audio,88056.31,Ghose-Kakar
275,Mander Bluetooth Speaker Ultra,Electronics,Audio,70133.0,Mander Group
276,Ravi Premium Conditioner,Beauty,Haircare,2188.04,"Ravi, Suri and Sood"
277,Gulati Premium Roasted Nuts,Grocery,Snacks,656.75,"Gulati, Magar and Wali"
278,Bir Premium Knife Set,Home,Kitchen,7738.94,Bir Group
279,Jha-Sanghvi Premium Juice,Grocery,Beverages,399.45,Jha-Sanghvi
280,Mannan Dish Soap Plus,Grocery,Household,71.81,"Mannan, Bhargava and Hans"
281,Vaidya Deodorant Spray X,Beauty,Fragrance,1078.21,"Vaidya, Mangat and Uppal"
282,Viswanathan Premium Biscuits,Grocery,Snacks,349.77,"Viswanathan, Brar and Sethi"
283,Karnik Premium Ultrabook,Electronics,Laptops,60506.15,"Karnik, Virk and Kara"
284,Arya Premium Kurti,Fashion,Women,1050.52,"Arya, Sandal and Tripathi"
285,Tak Blender Plus,Home,Kitchen,5801.05,"Tak, Ravel and Kala"
286,Srinivasan Premium Air Freshener,Grocery,Household,746.0,"Srinivasan, Guha and Goel"
287,Zachariah-Sule Face Serum Plus,Beauty,Skincare,2029.64,Zachariah-Sule
288,Luthra-Sha Dal Elite,Grocery,Staples,363.14,Luthra-Sha
289,Grewal-Trivedi Cookies Max,Grocery,Snacks,382.77,Grewal-Trivedi
290,Kar Jacket Classic,Fashion,Kids,3082.69,"Kar, Kant and Saini"
291,Rama-Kata Premium Wireless Earbuds,Electronics,Audio,98992.13,Rama-Kata
292,Kalla-Khosla Knife Set X,Home,Kitchen,4024.3,Kalla-Khosla
293,Saraf Blanket Pro,Home,Bedding,1683.5,Saraf Ltd
294,Kulkarni Cushion Cover Premium,Home,Decor,4837.9,"Kulkarni, Anand and Bahri"
295,Dutt-Badal Premium USB Cable,Electronics,Accessories,45827.32,Dutt-Badal
296,Tandon Heels X,Fashion,Women,3295.18,"Tandon, Jha and Lala"
297,Char Premium Jeans,Fashion,Kids,363.14,Char Ltd
298,Dash Lamp Classic,Home,Decor,5442.49,"Dash, Sridhar and Khanna"
299,Toor Premium Comforter,Home,Bedding,3878.28,Toor and Sons
300,Dar Soundbar Plus,Electronics,Audio,40844.86,"Dar, Dewan and Kaur"
301,Sant-Batra Premium Cold Drink,Grocery,Beverages,83.01,Sant-Batra
302,Sem Premium Wireless Earbuds,Electronics,Audio,28051.31,"Sem, Chahal and Kalla"
303,Mand-Krishna Dining Table Essentials,Home,Furniture,16178.85,Mand-Krishna
304,Tandon-Ganguly T-Shirt X,Fashion,Kids,4009.92,Tandon-Ganguly
305,Bal-Kapoor Premium Garbage Bags,Grocery,Household,939.0,Bal-Kapoor
306,Roy Blanket Classic,Home,Bedding,6586.73,Roy PLC
307,De-Trivedi Premium Cookies,Grocery,Snacks,422.65,De-Trivedi
308,Agarwal-Sharaf Premium Vase,Home,Decor,12559.42,Agarwal-Sharaf
309,Shroff Premium Body Mist,Beauty,Fragrance,2123.26,"Shroff, Gole and Brahmbhatt"
310,Karpe Premium Attar,Beauty,Fragrance,313.65,Karpe and Sons
311,Bandi Home Theater V2,Electronics,Audio,12713.25,Bandi and Sons
312,Agarwal Premium Blush,Beauty,Makeup,769.3,Agarwal Ltd
313,Kurian-Sur Premium Knife Set,Home,Kitchen,15607.61,Kurian-Sur
314,Sangha-Mammen Premium Mirror,Home,Decor,12811.17,Sangha-Mammen
315,Chacko Wireless Earbuds X,Electronics,Audio,45100.48,"Chacko, Sura and Ratti"
316,Lala USB Cable Plus,Electronics,Accessories,93549.32,"Lala, Wali and Amble"
317,Saxena Juice Essentials,Grocery,Beverages,833.13,Saxena Ltd
318,Raja Premium USB Cable,Fashion,Accessories,4067.1,Raja Ltd
319,Ganesan-Soni Premium Wallet,Electronics,Accessories,12804.41,Ganesan-Soni
320,Issac-Ranganathan Boots Elite,Fashion,Footwear,4648.88,Issac-Ranganathan
321,Bala Premium Feature Phone,Electronics,Mobiles,73140.88,Bala PLC
322,Luthra Premium Keyboard,Fashion,Accessories,4043.41,"Luthra, Chokshi and Krish"
323,Babu Premium Coffee Table,Home,Furniture,13904.96,"Babu, Kanda and Ram"
324,Manne Rug V2,Home,Decor,19492.67,"Manne, Seshadri and Banerjee"
325,Samra Blush Premium,Beauty,Makeup,2961.25,"Samra, Rama and Srinivasan"
326,Ahluwalia Premium Face Serum,Beauty,Skincare,2696.82,"Ahluwalia, Joshi and Bhatt"
327,Sani Dal Elite,Grocery,Staples,890.67,Sani Ltd
328,Barman Eyeliner Premium,Beauty,Makeup,2333.1,"Barman, Ghose and Shanker"
329,Chowdhury-Som Comforter Lite,Home,Bedding,18373.03,Chowdhury-Som
330,Din-Ratta Premium Feature Phone,Electronics,Mobiles,57295.22,Din-Ratta
331,Manda Slippers Premium,Fashion,Footwear,2996.85,Manda Group
332,Warrior-Varghese Curtains Essentials,Home,Decor,16162.78,Warrior-Varghese
333,Agarwal-Ray Body Mist Premium,Beauty,Fragrance,833.45,Agarwal-Ray
334,Walia Feature Phone Elite,Electronics,Mobiles,20691.28,"Walia, Dhar and Madan"
335,Issac Namkeen Max,Grocery,Snacks,874.98,"Issac, Kohli and Bhatia"
336,Sarraf Cookies Max,Grocery,Snacks,64.06,Sarraf Group
337,Din Air Fryer Pro,Home,Kitchen,13597.06,Din PLC
338,Raval Sweater X,Fashion,Men,4578.52,"Raval, Dugar and Thakkar"
339,Gulati Sneakers Premium,Fashion,Footwear,1107.65,"Gulati, Dar and Dave"
340,Kakar Hair Oil Classic,Beauty,Haircare,1073.01,Kakar LLC
341,Varughese Premium Sweater,Fashion,Men,2470.43,"Varughese, Bajwa and Randhawa"
342,Ben-Joshi Cologne X,Beauty,Fragrance,1822.84,Ben-Joshi
343,Raval Face Serum Classic,Beauty,Skincare,135.01,Raval Ltd
344,Som Hair Dryer Premium,Beauty,Haircare,1686.34,"Som, Hayre and Kari"
345,Deol Premium Vase,Home,Decor,7058.03,Deol Inc
346,Raman Kurti Lite,Fashion,Women,2173.66,"Raman, Gupta and Bumb"
347,Salvi Duvet Max,Home,Bedding,18742.85,"Salvi, Koshy and Balakrishnan"
348,Walia Premium Mouse,Electronics,Accessories,61354.55,Walia Ltd
349,Bora Cooking Oil Plus,Grocery,Staples,455.14,Bora Inc
350,Vohra-Varkey Smartphone Classic,Electronics,Mobiles,80325.06,Vohra-Varkey
351,Kala-Kapur Premium Cologne,Beauty,Fragrance,902.98,Kala-Kapur
352,Balay Bluetooth Speaker Lite,Electronics,Audio,43846.36,Balay Ltd
353,Barad Blanket X,Home,Bedding,19802.52,"Barad, Kumer and Kaul"
354,Kata Premium Bluetooth Speaker,Electronics,Audio,86340.5,Kata Inc
355,Desai Toner Essentials,Beauty,Skincare,2549.37,Desai LLC
356,Ramaswamy Ultrabook Premium,Electronics,Laptops,62389.64,"Ramaswamy, Mangat and Suresh"
357,Buch Premium Comforter,Home,Bedding,18635.34,"Buch, Sehgal and Walia"
358,Khanna Premium Coffee Table,Home,Furniture,10914.67,Khanna Inc
359,Verma Soap Premium,Grocery,Personal Care,189.57,"Verma, Ramanathan and Maharaj"
360,Apte Premium Cushion Cover,Home,Decor,9403.12,"Apte, Borde and Chadha"
361,Dara Premium Juice,Grocery,Beverages,754.59,Dara Inc
362,Manne Premium Body Wash,Grocery,Personal Care,388.28,"Manne, Sabharwal and Issac"
363,Dugar Cologne Lite,Beauty,Fragrance,1821.25,Dugar Inc
364,Dugal Premium Duvet,Home,Bedding,9734.74,Dugal Group
365,Vig Energy Drink Classic,Grocery,Beverages,927.03,Vig Ltd
366,Khalsa Premium Tissue Paper,Grocery,Household,628.59,Khalsa and Sons
367,Bath-Khurana Premium Mineral Water,Grocery,Beverages,167.46,Bath-Khurana
368,Dave Air Freshener X,Grocery,Household,870.34,"Dave, Basu and Dewan"
369,Tiwari-Gera Shampoo V2,Beauty,Haircare,544.38,Tiwari-Gera
370,Doctor-Gade Loafers Plus,Fashion,Footwear,1211.31,Doctor-Gade
371,Swaminathan Belt V2,Fashion,Accessories,1926.25,Swaminathan and Sons
372,Vasa Premium Foundation,Beauty,Makeup,262.04,Vasa and Sons
373,Gopal-Raj Mascara X,Beauty,Makeup,834.9,Gopal-Raj
374,Johal Loafers X,Fashion,Footwear,1540.36,Johal LLC
375,Rao Premium Ultrabook,Electronics,Laptops,97298.75,"Rao, Bassi and Ghosh"
376,Jha Premium Mineral Water,Grocery,Beverages,842.2,"Jha, Jain and Chatterjee"
377,Sant Chromebook Pro,Electronics,Laptops,8770.08,Sant and Sons
378,Chaudhry-Dada Premium Mouse,Fashion,Accessories,1897.25,Chaudhry-Dada
379,Jha Business Laptop Classic,Electronics,Laptops,8295.21,"Jha, Sehgal and Dube"
380,Iyengar Premium Ultrabook,Electronics,Laptops,3323.2,"Iyengar, Ganesan and Andra"
381,Kapoor Earphones Classic,Electronics,Audio,19612.01,Kapoor LLC
382,Chawla-Gaba Premium Sunscreen,Beauty,Skincare,2139.49,Chawla-Gaba
383,Yogi Sculpture Plus,Home,Decor,3885.56,Yogi LLC
384,Acharya Premium Cap,Electronics,Accessories,81566.75,"Acharya, Balay and Mander"
385,Jhaveri Detergent Ultra,Grocery,Household,767.13,Jhaveri LLC
386,Issac Foundation X,Beauty,Makeup,118.21,Issac LLC
387,Anne-Swamy Premium Jacket,Fashion,Kids,2698.35,Anne-Swamy
388,Sachdev-Kalla Premium Jacket,Fashion,Kids,3460.0,Sachdev-Kalla
389,Kala Premium Shampoo,Beauty,Haircare,2065.83,"Kala, Uppal and Swamy"
390,Sridhar Premium Rug,Home,Decor,14741.24,"Sridhar, Sane and Khatri"
391,Kulkarni-Rattan Premium Body Lotion,Beauty,Skincare,2954.79,Kulkarni-Rattan
392,Tara Premium Bluetooth Speaker,Electronics,Audio,43856.01,Tara and Sons
393,Bali-Dubey Convertible 2-in-1 Classic,Electronics,Laptops,76729.19,Bali-Dubey
394,Borde-Devan Premium Bluetooth Speaker,Electronics,Audio,84190.02,Borde-Devan
395,Mahal-Kalita Skirt Plus,Fashion,Women,1529.1,Mahal-Kalita
396,Solanki-Manne Premium Jeans,Fashion,Kids,1293.45,Solanki-Manne
397,Sani Chips Plus,Grocery,Snacks,286.09,Sani LLC
398,Ghose Premium Shampoo,Beauty,Haircare,1824.0,Ghose Inc
399,Anand Premium Earphones,Electronics,Audio,42659.43,"Anand, Sami and Deo"
400,Gill Phablet X,Electronics,Mobiles,64673.03,Gill Ltd
401,Thaman Premium Home Theater,Electronics,Audio,36493.39,Thaman PLC
402,Bahri-Wali Blender Essentials,Home,Kitchen,2785.18,Bahri-Wali
403,Chawla-Ram Premium Garbage Bags,Grocery,Household,710.44,Chawla-Ram
404,Rama Kurti Pro,Fashion,Women,2953.09,Rama Ltd
405,Ray-Setty Premium Coffee,Grocery,Beverages,528.45,Ray-Setty
406,Gopal-Bawa Premium Feature Phone,Electronics,Mobiles,34641.49,Gopal-Bawa
407,Bora Pillow Covers Elite,Home,Bedding,4159.13,Bora Group
408,Bakshi Premium Power Bank,Fashion,Accessories,1869.43,Bakshi Inc
409,Ranganathan-Sagar Mascara Lite,Beauty,Makeup,753.57,Ranganathan-Sagar
410,Ben Cold Drink Max,Grocery,Beverages,561.41,"Ben, Verma and Chadha"
411,Sinha-Zacharia Roasted Nuts X,Grocery,Snacks,711.26,Sinha-Zacharia
412,Shetty-Dalal Shirt Pro,Fashion,Men,4396.12,Shetty-Dalal
413,Deo Foundation Ultra,Beauty,Makeup,730.94,"Deo, Shukla and Keer"
414,Arya Belt Max,Fashion,Accessories,4182.97,"Arya, Sha and Ramaswamy"
415,Bawa Eyeshadow Palette Lite,Beauty,Makeup,608.19,"Bawa, Mani and Suresh"
416,Sabharwal Coffee Classic,Grocery,Beverages,425.46,Sabharwal Inc
417,Bajwa-Raman Sofa Plus,Home,Furniture,6060.6,Bajwa-Raman
418,Handa Coffee Ultra,Grocery,Beverages,816.03,Handa and Sons
419,Mander Office Chair Max,Home,Furniture,12835.77,Mander Ltd
420,Borra Premium Face Wash,Beauty,Skincare,1780.99,"Borra, Sahni and Dara"
421,Bhatt-Dutt Premium Bookshelf,Home,Furniture,19738.76,Bhatt-Dutt
422,Choudhary Premium Wheat Flour,Grocery,Staples,898.11,"Choudhary, Bhavsar and Viswanathan"
423,Kala Hair Gel Essentials,Beauty,Haircare,2471.99,"Kala, Gole and Konda"
424,Srivastava Premium Roasted Nuts,Grocery,Snacks,842.55,"Srivastava, Bhasin and Bhakta"
425,Venkataraman Deodorant Elite,Grocery,Personal Care,535.09,"Venkataraman, Ramanathan and Chad"
426,Din Premium Dress,Fashion,Kids,2841.92,"Din, Mangat and Sharaf"
427,Boase Smartwatch X,Electronics,Wearables,72361.36,Boase PLC
428,Som Air Fryer X,Home,Kitchen,3513.29,"Som, Cherian and Agarwal"
429,Kala Lipstick Premium,Beauty,Makeup,622.83,Kala and Sons
430,Sibal Premium Garbage Bags,Grocery,Household,115.16,Sibal PLC
431,Kunda Premium Cooking Oil,Grocery,Staples,447.05,Kunda and Sons
432,Rastogi Lipstick Classic,Beauty,Makeup,1593.73,"Rastogi, Chada and Desai"
433,Bhardwaj-Johal Premium Trousers,Fashion,Men,1864.26,Bhardwaj-Johal
434,Mangal-Basu Jacket Essentials,Fashion,Men,3324.7,Mangal-Basu
435,Kar-Iyengar Premium Microwave,Home,Kitchen,17253.41,Kar-Iyengar
436,Sanghvi Premium Deodorant Spray,Beauty,Fragrance,634.03,Sanghvi Ltd
437,Kamdar Body Lotion Max,Beauty,Skincare,2487.34,"Kamdar, Agrawal and Korpal"
438,Tailor Premium Blanket,Home,Bedding,11024.09,"Tailor, Basak and Batta"
439,Bobal-Ramesh Premium Toothpaste,Grocery,Personal Care,784.05,Bobal-Ramesh
440,Dani Premium Skirt,Fashion,Women,4940.92,Dani and Sons
441,Gade Premium Perfume,Beauty,Fragrance,1922.94,"Gade, Mandal and Bhat"
442,Setty Premium Hair Gel,Beauty,Haircare,2354.5,Setty and Sons
443,Chauhan-Barman Jeans X,Fashion,Men,3032.21,Chauhan-Barman
444,Dasgupta-Goda Wall Art Max,Home,Decor,14701.7,Dasgupta-Goda
445,Chacko-Sawhney Premium Bedsheet Set,Home,Bedding,11408.52,Chacko-Sawhney
446,Varughese Hair Gel Classic,Beauty,Haircare,369.51,"Varughese, Karpe and Sem"
447,Sekhon Phone Case Pro,Electronics,Accessories,50860.47,Sekhon LLC
448,Sarkar-Thakkar Premium Convertible 2-in-1,Electronics,Laptops,46252.39,Sarkar-Thakkar
449,Apte Premium Pan,Home,Kitchen,3615.13,"Apte, Solanki and Deshpande"
450,Saraf Razor Essentials,Grocery,Personal Care,627.74,"Saraf, Atwal and Mani"
451,Ben-Deol Blush Pro,Beauty,Makeup,2272.52,Ben-Deol
452,Salvi-Kothari Premium Rug,Home,Decor,1360.08,Salvi-Kothari
453,Shukla Premium Deodorant Spray,Beauty,Fragrance,792.4,Shukla Group
454,Butala Attar Lite,Beauty,Fragrance,2743.82,"Butala, Lata and Sama"
455,Luthra Premium Headphones,Electronics,Audio,64422.01,"Luthra, Chadha and Barad"
456,Sachdev Premium Coffee Table,Home,Furniture,8950.29,"Sachdev, Bhatt and Dhillon"
457,Hans-Mahal Gaming Phone Elite,Electronics,Mobiles,24139.36,Hans-Mahal
458,Talwar Energy Drink V2,Grocery,Beverages,331.47,Talwar Inc
459,Chatterjee-Guha Popcorn Pro,Grocery,Snacks,698.73,Chatterjee-Guha
460,Ram Premium MacBook,Electronics,Laptops,51917.03,Ram Group
461,Cherian Dal Plus,Grocery,Staples,635.27,Cherian PLC
462,Varkey-Rege Premium Pillow Covers,Home,Bedding,13238.47,Varkey-Rege
463,Rout-Verma Ultrabook V2,Electronics,Laptops,2788.57,Rout-Verma
464,Walla Sneakers Ultra,Fashion,Footwear,3647.79,"Walla, Sahni and Reddy"
465,Kanda Wireless Earbuds Max,Electronics,Audio,42286.24,"Kanda, Vyas and D’Alia"
466,Sehgal Premium Biscuits,Grocery,Snacks,227.36,Sehgal and Sons
467,Zachariah Premium Headphones,Electronics,Audio,23994.02,Zachariah and Sons
468,Date Mouse Classic,Fashion,Accessories,4249.43,Date and Sons
469,Chaudhry-Kara Premium Smartphone,Electronics,Mobiles,12935.35,Chaudhry-Kara
470,Seshadri Premium Shirt,Fashion,Men,550.83,"Seshadri, Chhabra and Hegde"
471,Shenoy Premium Cookies,Grocery,Snacks,118.09,"Shenoy, Baral and Buch"
472,Dass-Ben Premium Dress,Fashion,Kids,4268.38,Dass-Ben
473,Garg-Bir Premium Loafers,Fashion,Footwear,3113.23,Garg-Bir
474,Sood Premium Duvet,Home,Bedding,13987.29,"Sood, Kibe and Talwar"
475,Dey Air Fryer Elite,Home,Kitchen,2873.96,"Dey, Khare and Ghose"
476,Aggarwal Premium Sneakers,Fashion,Footwear,352.14,"Aggarwal, Dewan and Dayal"
477,Dhaliwal-Sarin Premium Charger,Electronics,Accessories,49296.07,Dhaliwal-Sarin
478,Kant Watch Lite,Fashion,Accessories,2429.61,Kant Group
479,Chhabra-Deshpande Premium Concealer,Beauty,Makeup,619.81,Chhabra-Deshpande
480,Barad-Agarwal Premium Dining Table,Home,Furniture,16442.83,Barad-Agarwal
481,Karnik-Raj Premium Scarf,Electronics,Accessories,7786.47,Karnik-Raj
482,Sama-Setty Mirror Elite,Home,Decor,7039.33,Sama-Setty
483,Hans Premium Lamp,Home,Decor,2504.34,Hans Ltd
484,Chand-Shroff Premium Knife Set,Home,Kitchen,15972.0,Chand-Shroff
485,Chopra-Chakrabarti Top Classic,Fashion,Women,3941.67,Chopra-Chakrabarti
486,Dasgupta Air Freshener Essentials,Grocery,Household,493.12,"Dasgupta, Raval and Bhatt"
487,Doctor-Tiwari Premium Smart Glasses,Electronics,Wearables,21233.6,Doctor-Tiwari
488,Saini-Luthra Premium Smartphone,Electronics,Mobiles,27907.41,Saini-Luthra
489,Dewan Premium TV Unit,Home,Furniture,2937.95,Dewan Ltd
490,Bhargava-Mani Premium Oats,Grocery,Staples,284.18,Bhargava-Mani
491,Gour Night Cream Essentials,Beauty,Skincare,880.89,"Gour, Dutta and Agate"
492,Sachdev Eyeliner Plus,Beauty,Makeup,1167.76,"Sachdev, Sarkar and Ramakrishnan"
493,Khurana-Dutt Dish Soap Classic,Grocery,Household,750.3,Khurana-Dutt
494,Koshy-Bir Pan Elite,Home,Kitchen,12432.99,Koshy-Bir
495,Magar Premium Eyeshadow Palette,Beauty,Makeup,1900.88,"Magar, Srinivasan and Bhasin"
496,Dyal Phablet Classic,Electronics,Mobiles,59351.66,"Dyal, Sami and Kar"
497,Kala Premium Body Mist,Beauty,Fragrance,685.5,Kala Group
498,Ghose Premium Sunscreen,Beauty,Skincare,2037.21,Ghose Ltd
499,Ben Premium Wallet,Electronics,Accessories,91877.43,Ben Ltd
500,Chadha-Chander Smart Glasses Premium,Electronics,Wearables,7992.94,Chadha-Chander
501,Doctor Premium Energy Bar,Grocery,Snacks,839.78,Doctor and Sons
502,Thaman Convertible 2-in-1 X,Electronics,Laptops,61446.46,"Thaman, Kapur and Kapadia"
503,Dayal Premium Toaster,Home,Kitchen,1485.99,Dayal PLC
504,Mahal-Khanna Premium Shorts,Fashion,Men,4171.47,Mahal-Khanna
505,Dhaliwal Phablet Plus,Electronics,Mobiles,49911.82,Dhaliwal PLC
506,Master-Bhattacharyya Premium Mascara,Beauty,Makeup,414.38,Master-Bhattacharyya
507,Bhardwaj-Ghosh Premium Air Fryer,Home,Kitchen,8980.76,Bhardwaj-Ghosh
508,Lad Premium Headphones,Electronics,Audio,65924.76,Lad Ltd
509,Dani Trousers V2,Fashion,Men,447.8,"Dani, Agate and Edwin"
510,Maharaj-Bhavsar Sugar Premium,Grocery,Staples,266.08,Maharaj-Bhavsar
511,Bal Premium Keyboard,Fashion,Accessories,4586.9,"Bal, Vasa and Mammen"
512,Kumar Premium Energy Drink,Grocery,Beverages,813.27,Kumar and Sons
513,Sengupta Premium TV Unit,Home,Furniture,6249.33,Sengupta Group
514,Krishnamurthy Premium Sneakers,Fashion,Footwear,542.34,"Krishnamurthy, Varma and Agate"
515,Krishna Energy Bar Classic,Grocery,Snacks,579.63,"Krishna, Kurian and Yadav"
516,Chada Face Wash Elite,Beauty,Skincare,2402.79,Chada Inc
517,Thaker Bedsheet Set Lite,Home,Bedding,17664.67,"Thaker, Bhattacharyya and Gokhale"
518,Rattan Hair Serum Elite,Beauty,Haircare,1062.33,Rattan Inc
519,Sabharwal Premium Ultrabook,Electronics,Laptops,65757.64,Sabharwal Ltd
520,Devan Premium Sunscreen,Beauty,Skincare,1844.85,"Devan, Sinha and Bora"
521,Ravi Juice X,Grocery,Beverages,906.87,Ravi LLC
522,Dayal Keyboard X,Fashion,Accessories,2682.84,"Dayal, Korpal and Mandal"
523,Cherian Premium Bedsheet Set,Home,Bedding,10601.73,Cherian Inc
524,Brar Premium Smart Glasses,Electronics,Wearables,9733.07,"Brar, Konda and Verma"
525,Bhattacharyya Premium Toy Robot,Fashion,Kids,4055.91,"Bhattacharyya, Raj and Vaidya"
526,Ahluwalia Hair Gel Ultra,Beauty,Haircare,1927.98,"Ahluwalia, Chacko and Dugar"
527,Apte Kurti X,Fashion,Women,1617.74,Apte Inc
528,Chacko Running Shoes Ultra,Fashion,Footwear,1119.32,"Chacko, Chad and Khatri"
529,Mand Perfume Plus,Beauty,Fragrance,1622.09,"Mand, Sur and Bir"
530,Toor-Kata Roasted Nuts Classic,Grocery,Snacks,328.12,Toor-Kata
531,Subramanian Body Lotion X,Beauty,Skincare,1645.3,"Subramanian, Mangal and Thakkar"
532,Yogi Soap X,Grocery,Personal Care,139.73,"Yogi, Lall and Dasgupta"
533,Subramaniam-Ramesh Premium Phone Case,Electronics,Accessories,25911.55,Subramaniam-Ramesh
534,Tailor Cologne Ultra,Beauty,Fragrance,1578.49,"Tailor, Shankar and Sama"
535,Cherian-Chad Premium VR Headset,Electronics,Wearables,98893.28,Cherian-Chad
536,Subramanian-Badal Premium Wallet,Fashion,Accessories,3566.15,Subramanian-Badal
537,Chakraborty Loafers Max,Fashion,Footwear,1721.31,Chakraborty and Sons
538,Bakshi-Majumdar Premium Vase,Home,Decor,4918.23,Bakshi-Majumdar
539,Varty Premium Blender,Home,Kitchen,5076.21,Varty Ltd
540,Khalsa-Rege Ultrabook Ultra,Electronics,Laptops,96896.41,Khalsa-Rege
541,Ahuja Keyboard V2,Electronics,Accessories,52116.32,Ahuja and Sons
542,Som-Loke Premium Wallet,Fashion,Accessories,4606.07,Som-Loke
543,Korpal Business Laptop X,Electronics,Laptops,50692.65,Korpal Inc
544,Bakshi-Wason Premium Running Shoes,Fashion,Footwear,4074.51,Bakshi-Wason
545,Madan-Gade Premium Tissue Paper,Grocery,Household,113.21,Madan-Gade
546,Din Building Blocks Plus,Fashion,Kids,3833.86,Din Group
547,Kulkarni Concealer Premium,Beauty,Makeup,596.36,Kulkarni PLC
548,Sunder Wheat Flour Classic,Grocery,Staples,952.11,"Sunder, Master and Goyal"
549,Buch Premium Salt,Grocery,Staples,226.19,"Buch, Sandal and Bakshi"
550,Gade Hair Oil Essentials,Beauty,Haircare,1730.44,"Gade, Bhardwaj and Gola"
551,Sridhar Sugar Ultra,Grocery,Staples,304.53,Sridhar and Sons
552,Roy Convertible 2-in-1 Ultra,Electronics,Laptops,56927.6,Roy PLC
553,Handa-Bajaj Premium Shampoo,Beauty,Haircare,1355.27,Handa-Bajaj
554,Mangat Namkeen Elite,Grocery,Snacks,134.84,Mangat PLC
555,Sekhon Premium Smartwatch,Electronics,Wearables,40108.54,"Sekhon, Kari and Sant"
556,Mani-Dey Premium Wallet,Electronics,Accessories,65404.22,Mani-Dey
557,Behl Microwave Ultra,Home,Kitchen,1751.61,Behl Group
558,Grover Detergent Lite,Grocery,Household,834.54,Grover PLC
559,Dalal Premium Dal,Grocery,Staples,295.15,Dalal Group
560,Thaman-Krishna Premium Curtains,Home,Decor,14445.21,Thaman-Krishna
561,Konda Premium Scarf,Electronics,Accessories,58212.72,"Konda, Dash and Keer"
562,Sarin Bedsheet Set Classic,Home,Bedding,4917.22,Sarin LLC
563,Samra Premium VR Headset,Electronics,Wearables,20886.69,"Samra, Suresh and Saini"
564,Shroff Hair Oil Premium,Beauty,Haircare,1757.43,Shroff Inc
565,Dugar Premium Fitness Band,Electronics,Wearables,11585.41,Dugar PLC
566,Kala Premium Backpack,Electronics,Accessories,88299.04,"Kala, Kulkarni and Dewan"
567,Sant Coffee Ultra,Grocery,Beverages,543.47,"Sant, Chaudry and Desai"
568,Sarkar Hair Gel V2,Beauty,Haircare,1073.12,Sarkar and Sons
569,Sani Premium Wireless Earbuds,Electronics,Audio,31228.61,"Sani, Sankaran and Kant"
570,Sahota Premium Bedsheet Set,Home,Bedding,6123.69,"Sahota, Kala and Ratti"
571,Barad-Ganesh Premium Shorts,Fashion,Men,2087.37,Barad-Ganesh
572,Saha-Vasa Smart Glasses V2,Electronics,Wearables,88516.12,Saha-Vasa
573,Tailor Premium Fitness Band,Electronics,Wearables,51629.97,Tailor Ltd
574,Sant Premium Gaming Laptop,Electronics,Laptops,99655.75,"Sant, Singh and Yadav"
575,Samra-Rao Premium Night Cream,Beauty,Skincare,2029.76,Samra-Rao
576,Sibal Smartphone Elite,Electronics,Mobiles,4729.22,"Sibal, Yadav and Edwin"
577,Baria-Subramaniam Pan Elite,Home,Kitchen,13375.98,Baria-Subramaniam
578,Dora Premium Microwave,Home,Kitchen,10903.5,"Dora, Kanda and Sampath"
579,Kothari TV Unit Pro,Home,Furniture,4892.35,"Kothari, Bal and Bains"
580,Basu-Rama Lamp Plus,Home,Decor,16296.63,Basu-Rama
581,Shanker Premium Sunscreen,Beauty,Skincare,2332.38,Shanker Ltd
582,Sharma Mouse X,Fashion,Accessories,2840.15,"Sharma, Bajwa and D’Alia"
583,Chandra-Choudhary Hair Dryer V2,Beauty,Haircare,369.91,Chandra-Choudhary
584,Tandon-Choudhury Premium Mascara,Beauty,Makeup,1509.6,Tandon-Choudhury
585,Ratta-Borde Eyeshadow Palette Classic,Beauty,Makeup,642.73,Ratta-Borde
586,Rattan Premium Office Chair,Home,Furniture,9308.78,Rattan Group
587,Chaudhuri Premium Skirt,Fashion,Women,3450.57,Chaudhuri LLC
588,Gara Formal Shoes Max,Fashion,Footwear,3705.62,Gara Ltd
589,Grewal Premium Eyeliner,Beauty,Makeup,2965.26,Grewal LLC
590,Sen Dress Lite,Fashion,Women,2739.2,"Sen, Magar and Roy"
591,Kade-Dasgupta Toaster Plus,Home,Kitchen,13002.86,Kade-Dasgupta
592,Sahni Premium Blanket,Home,Bedding,3121.43,Sahni Ltd
593,Sama-Choudhry Premium Building Blocks,Fashion,Kids,3594.16,Sama-Choudhry
594,Kaul Premium Wireless Earbuds,Electronics,Audio,61601.46,"Kaul, Bala and Guha"
595,Balay Premium Sunglasses,Electronics,Accessories,15484.06,Balay LLC
596,Bora-Varughese Cookies Premium,Grocery,Snacks,252.37,Bora-Varughese
597,Bhalla Scarf Classic,Electronics,Accessories,3666.82,Bhalla Ltd
598,Sidhu Premium Smart Glasses,Electronics,Wearables,82906.09,"Sidhu, Krishna and Rao"
599,Ramesh-Dave Premium Concealer,Beauty,Makeup,2794.03,Ramesh-Dave
600,Savant Premium Jeans,Fashion,Kids,2638.12,"Savant, Warrior and Bhandari"
601,Borah Blanket Ultra,Home,Bedding,11894.32,"Borah, Seshadri and Savant"
602,Gaba-Sampath Premium Sunscreen,Beauty,Skincare,2128.74,Gaba-Sampath
603,Ganesh Premium Slippers,Fashion,Footwear,2920.68,"Ganesh, Bhargava and Khanna"
604,Dada Heels Ultra,Fashion,Women,3024.82,Dada Group
605,Hayer Premium Jacket,Fashion,Men,3265.25,"Hayer, Kakar and Dua"
606,Bhasin Toner Classic,Beauty,Skincare,2944.38,"Bhasin, Dewan and Choudhury"
607,Chopra Chromebook Plus,Electronics,Laptops,20317.5,Chopra Group
608,Apte-Singhal Premium Toner,Beauty,Skincare,2487.53,Apte-Singhal
609,Acharya Heels Classic,Fashion,Women,1527.53,"Acharya, Sarma and Batra"
610,Mahajan Premium Razor,Grocery,Personal Care,949.35,"Mahajan, Balakrishnan and Walia"
611,Tella Smartphone Ultra,Electronics,Mobiles,28499.06,Tella Inc
612,Yadav Premium Slippers,Fashion,Footwear,4287.96,Yadav Group
613,Mall Tea Lite,Grocery,Beverages,460.67,Mall and Sons
614,Devan Premium Cap,Electronics,Accessories,28814.5,Devan LLC
615,Buch Premium Shirt,Fashion,Men,1920.87,Buch Group
616,Som-Deo Premium Running Shoes,Fashion,Footwear,4916.71,Som-Deo
617,Tata Premium Tea,Grocery,Beverages,87.77,"Tata, Sha and Dugar"
618,Sama Premium Dal,Grocery,Staples,449.37,Sama PLC
619,Rattan Namkeen Lite,Grocery,Snacks,777.77,"Rattan, Saha and Krishna"
620,Rege Premium Soap,Grocery,Personal Care,505.07,Rege PLC
621,Krishna-Sachdeva Premium Cold Drink,Grocery,Beverages,697.28,Krishna-Sachdeva
622,Gandhi Toner Plus,Beauty,Skincare,2202.27,"Gandhi, Varughese and Gaba"
623,Kar Premium Conditioner,Beauty,Haircare,691.8,Kar PLC
624,Ghose Premium Body Wash,Grocery,Personal Care,117.96,Ghose LLC
625,Iyer Premium Hair Dryer,Beauty,Haircare,2824.78,Iyer PLC
626,Zacharia Mouse Premium,Fashion,Accessories,3388.53,"Zacharia, Subramanian and Bahri"
627,Yadav Premium Cologne,Beauty,Fragrance,823.07,"Yadav, Chhabra and Deshmukh"
628,Ramachandran-Saxena Sunglasses Elite,Electronics,Accessories,28516.15,Ramachandran-Saxena
629,Loke-Rajan Phablet Ultra,Electronics,Mobiles,7059.69,Loke-Rajan
630,Atwal Premium Cooking Oil,Grocery,Staples,68.8,Atwal LLC
631,Deshpande Premium Floor Cleaner,Grocery,Household,108.0,"Deshpande, Bakshi and Lala"
632,Ramanathan Premium Saree,Fashion,Women,654.42,Ramanathan Inc
633,Agate Premium Dress,Fashion,Kids,4185.38,Agate Group
634,Gaba Premium Hair Mask,Beauty,Haircare,1656.65,"Gaba, Iyer and Ramesh"
635,Batra Popcorn Ultra,Grocery,Snacks,124.29,"Batra, Ramachandran and Loyal"
636,Chokshi Premium Smartphone,Electronics,Mobiles,77841.46,"Chokshi, Chandra and Wason"
637,Basak Cooking Oil Premium,Grocery,Staples,681.71,Basak Group
638,Raja-Sibal Premium Curtains,Home,Decor,3336.39,Raja-Sibal
639,Hayer Premium VR Headset,Electronics,Wearables,91310.76,Hayer Group
640,Anand-Singh Garbage Bags X,Grocery,Household,932.79,Anand-Singh
641,Dani Dish Soap Elite,Grocery,Household,956.01,"Dani, Sathe and Bajwa"
642,Ghose-Agarwal Premium Feature Phone,Electronics,Mobiles,6649.18,Ghose-Agarwal
643,Manda-Tank Shirt Max,Fashion,Men,780.64,Manda-Tank
644,Mander Premium Namkeen,Grocery,Snacks,732.87,"Mander, Arya and Sagar"
645,Dewan-Anne Premium Body Lotion,Beauty,Skincare,2453.1,Dewan-Anne
646,Bhardwaj Phone Case Plus,Fashion,Accessories,4902.19,"Bhardwaj, Balan and Guha"
647,Bhakta-Balakrishnan Coffee Table Lite,Home,Furniture,11132.75,Bhakta-Balakrishnan
648,Ben Premium Energy Drink,Grocery,Beverages,289.65,"Ben, Kant and Ratta"
649,Goyal-Bawa Watch V2,Electronics,Accessories,92828.5,Goyal-Bawa
650,Suri Office Chair V2,Home,Furniture,16999.21,Suri LLC
651,Bumb Moisturizer Ultra,Beauty,Skincare,2868.76,"Bumb, Thakkar and Tripathi"
652,Madan Premium Mouse,Fashion,Accessories,1103.62,Madan Group
653,Chokshi-Sengupta Earphones Pro,Electronics,Audio,8910.68,Chokshi-Sengupta
654,Dhillon-Mann Premium Chips,Grocery,Snacks,325.59,Dhillon-Mann
655,Goel-Sant Premium Coffee Table,Home,Furniture,1107.24,Goel-Sant
656,Sawhney-Lata Heels V2,Fashion,Women,3552.28,Sawhney-Lata
657,Rajan Shorts X,Fashion,Men,1082.47,Rajan and Sons
658,Lala Premium Phablet,Electronics,Mobiles,41496.98,Lala LLC
659,Kalla Premium Loafers,Fashion,Footwear,3703.97,"Kalla, Hans and Sha"
660,Ganesan Skirt Max,Fashion,Women,610.03,"Ganesan, Dave and Wagle"
661,Das Premium Jeans,Fashion,Men,4398.72,"Das, Datta and Kashyap"
662,Bera Premium Body Wash,Grocery,Personal Care,496.55,"Bera, Sundaram and Borah"
663,Kuruvilla-Mahal Wallet Classic,Electronics,Accessories,41256.49,Kuruvilla-Mahal
664,Setty Phablet Classic,Electronics,Mobiles,12302.19,"Setty, Bhatia and Aggarwal"
665,Ratti-Sur Jeans Classic,Fashion,Men,4971.29,Ratti-Sur
666,Shanker Premium Rice,Grocery,Staples,589.27,"Shanker, Mallick and Vohra"
667,Sarraf-Ratti Premium Sneakers,Fashion,Footwear,2650.56,Sarraf-Ratti
668,Dar Premium Moisturizer,Beauty,Skincare,2587.13,"Dar, Chakrabarti and Balan"
669,Ram Premium Running Shoes,Fashion,Footwear,451.78,Ram Group
670,Ratti Ultrabook Classic,Electronics,Laptops,6481.47,Ratti and Sons
671,Korpal Premium MacBook,Electronics,Laptops,67436.33,Korpal Ltd
672,Bhasin Coffee Premium,Grocery,Beverages,816.14,"Bhasin, Kata and Shankar"
673,Bhatt-Dash Air Fryer Premium,Home,Kitchen,7712.1,Bhatt-Dash
674,Chadha Premium Smart Glasses,Electronics,Wearables,59164.79,"Chadha, Gade and Ganesh"
675,Magar Premium Cookies,Grocery,Snacks,444.43,"Magar, Bhandari and Basak"
676,Shanker Comforter Lite,Home,Bedding,8812.27,"Shanker, Sehgal and Tiwari"
677,Sachar Premium Gaming Laptop,Electronics,Laptops,66718.22,"Sachar, Bhardwaj and Butala"
678,Kannan Gaming Phone Plus,Electronics,Mobiles,73385.25,"Kannan, Kata and Kadakia"
679,Wadhwa Premium Loafers,Fashion,Footwear,2463.29,Wadhwa LLC
680,Mahajan Phablet Classic,Electronics,Mobiles,14809.41,Mahajan Inc
681,Krishnamurthy-Vasa Premium Namkeen,Grocery,Snacks,866.67,Krishnamurthy-Vasa
682,Dugal-Bhatnagar Mirror Classic,Home,Decor,1644.89,Dugal-Bhatnagar
683,Hayer-Kaur Lipstick Essentials,Beauty,Makeup,2225.32,Hayer-Kaur
684,Srinivas-Sarma Premium Hair Dryer,Beauty,Haircare,2827.56,Srinivas-Sarma
685,Balasubramanian Earphones X,Electronics,Audio,99837.2,Balasubramanian LLC
686,Boase Premium Foundation,Beauty,Makeup,767.67,"Boase, Suri and Gera"
687,Kapadia Jacket Elite,Fashion,Men,999.86,"Kapadia, Wadhwa and Jha"
688,Kothari-Batra Dish Soap Lite,Grocery,Household,257.59,Kothari-Batra
689,Gara Premium Curtains,Home,Decor,15204.06,Gara LLC
690,Vohra-Gill Tea Ultra,Grocery,Beverages,852.35,Vohra-Gill
691,Dora Keyboard Premium,Fashion,Accessories,982.1,"Dora, Sur and Kannan"
692,Salvi Formal Shoes V2,Fashion,Footwear,3407.17,"Salvi, Sur and Goda"
693,Rajan Wallet Classic,Electronics,Accessories,1113.56,Rajan Group
694,Datta Premium Cap,Electronics,Accessories,48714.51,Datta PLC
695,Andra Blanket Plus,Home,Bedding,5278.55,"Andra, Uppal and Bandi"
696,Sarraf Premium Dress,Fashion,Kids,2952.77,"Sarraf, Deo and Atwal"
697,Vyas Premium Oats,Grocery,Staples,185.4,"Vyas, Raj and Anne"
698,Doshi-Roy Dining Table Essentials,Home,Furniture,6831.15,Doshi-Roy
699,Dugal-Varty Premium Perfume,Beauty,Fragrance,203.6,Dugal-Varty
700,Kakar Mirror Pro,Home,Decor,18991.1,"Kakar, Chada and Sachar"
701,Grover Dish Soap Elite,Grocery,Household,769.48,"Grover, Bora and Thakkar"
702,Kade Premium Popcorn,Grocery,Snacks,455.0,Kade LLC
703,Majumdar T-Shirt Pro,Fashion,Men,4016.08,Majumdar PLC
704,Taneja-Soni Premium Tissue Paper,Grocery,Household,852.83,Taneja-Soni
705,Chopra Premium Eyeliner,Beauty,Makeup,1360.33,"Chopra, Sundaram and Manne"
706,Bajwa Premium Sweater,Fashion,Men,639.57,"Bajwa, Karnik and Yohannan"
707,Hayer-Sharaf Gaming Phone Pro,Electronics,Mobiles,30577.13,Hayer-Sharaf
708,Kibe-Gokhale Microwave Lite,Home,Kitchen,10896.61,Kibe-Gokhale
709,Borra Slippers Premium,Fashion,Footwear,2076.25,"Borra, Vaidya and Dave"
710,Dixit Premium Handbag,Fashion,Women,937.38,"Dixit, Chand and Amble"
711,Ben Night Cream Classic,Beauty,Skincare,524.98,Ben LLC
712,Raja-Rajagopalan Cooking Oil X,Grocery,Staples,700.7,Raja-Rajagopalan
713,Agrawal-Jain Razor Plus,Grocery,Personal Care,188.61,Agrawal-Jain
714,Srinivasan-Mallick Premium Mirror,Home,Decor,720.29,Srinivasan-Mallick
715,Behl Mascara Lite,Beauty,Makeup,1028.38,Behl and Sons
716,Gour-Shukla Cologne Plus,Beauty,Fragrance,1818.23,Gour-Shukla
717,Sunder Premium Duvet,Home,Bedding,10520.9,Sunder Group
718,Maharaj-Dada Premium Blanket,Home,Bedding,14559.79,Maharaj-Dada
719,Choudhury-Gade Night Cream X,Beauty,Skincare,880.22,Choudhury-Gade
720,Sandal Body Wash Classic,Grocery,Personal Care,312.27,Sandal PLC
721,Shah-Kumer Premium Keyboard,Electronics,Accessories,78488.87,Shah-Kumer
722,Vohra Premium Coffee Table,Home,Furniture,12771.96,Vohra Inc
723,Boase Premium Garbage Bags,Grocery,Household,937.71,"Boase, Bora and Karpe"
724,Singhal Premium USB Cable,Fashion,Accessories,3998.47,Singhal Group
725,Chada-Chauhan Microwave Plus,Home,Kitchen,9611.29,Chada-Chauhan
726,Roy Premium Coffee Table,Home,Furniture,19163.02,"Roy, Contractor and Gola"
727,Zacharia Premium Razor,Grocery,Personal Care,855.23,Zacharia Group
728,Basak Backpack X,Electronics,Accessories,91787.63,Basak Group
729,Kapur Premium Belt,Electronics,Accessories,51211.73,"Kapur, Chadha and Varughese"
730,Garg-Ganesh Premium Chips,Grocery,Snacks,100.04,Garg-Ganesh
731,Bandi Face Serum Max,Beauty,Skincare,1681.28,"Bandi, Toor and Yadav"
732,Bhatt Ultrabook Pro,Electronics,Laptops,9746.12,Bhatt Group
733,Chandran Wallet Essentials,Electronics,Accessories,26963.49,Chandran LLC
734,Sundaram Attar Premium,Beauty,Fragrance,2416.41,"Sundaram, De and Bir"
735,Uppal-Wadhwa Premium Toner,Beauty,Skincare,145.2,Uppal-Wadhwa
736,Barman Smartphone Max,Electronics,Mobiles,73001.18,Barman Ltd
737,Bhatt Cutlery Set Elite,Home,Kitchen,13650.69,"Bhatt, Chhabra and Chaudhuri"
738,Soman Loafers Pro,Fashion,Footwear,3338.09,"Soman, Vala and Bhatti"
739,Ratti Wheat Flour Essentials,Grocery,Staples,683.91,"Ratti, Balakrishnan and Bal"
740,Gaba Office Chair Pro,Home,Furniture,16849.28,Gaba Ltd
741,Bains Premium Eyeliner,Beauty,Makeup,1151.52,Bains LLC
742,Iyengar Mouse Plus,Fashion,Accessories,1920.14,"Iyengar, Keer and Sha"
743,Anand-Sridhar Tea Plus,Grocery,Beverages,944.81,Anand-Sridhar
744,Batta-Magar Premium Trousers,Fashion,Men,432.75,Batta-Magar
745,Sunder Tissue Paper Elite,Grocery,Household,921.93,"Sunder, Grewal and Choudhary"
746,Bhalla Premium Moisturizer,Beauty,Skincare,401.47,Bhalla Inc
747,Jaggi-Divan Premium Conditioner,Beauty,Haircare,164.79,Jaggi-Divan
748,Kulkarni Premium Air Fryer,Home,Kitchen,16320.69,"Kulkarni, Choudhary and Edwin"
749,Chakrabarti-Trivedi Feature Phone Pro,Electronics,Mobiles,84275.28,Chakrabarti-Trivedi
750,Mall Phablet V2,Electronics,Mobiles,50420.88,"Mall, Wadhwa and Karpe"
751,Char-Sankar Wheat Flour Ultra,Grocery,Staples,390.71,Char-Sankar
752,Soni Sweater Essentials,Fashion,Men,950.21,Soni PLC
753,Madan-Vala Lipstick Essentials,Beauty,Makeup,2064.34,Madan-Vala
754,Dani Premium Biscuits,Grocery,Snacks,360.6,Dani Group
755,Manda-Borra Premium Ultrabook,Electronics,Laptops,28693.82,Manda-Borra
756,Gera Bluetooth Speaker Premium,Electronics,Audio,9394.7,Gera and Sons
757,Virk Mascara Plus,Beauty,Makeup,801.42,"Virk, Raj and Johal"
758,Gopal-Lad Knife Set Plus,Home,Kitchen,1080.74,Gopal-Lad
759,Sheth-Balay Premium Razor,Grocery,Personal Care,184.86,Sheth-Balay
760,Handa-Chatterjee Premium Sneakers,Fashion,Footwear,1660.71,Handa-Chatterjee
761,Ramesh Heels X,Fashion,Women,1622.81,"Ramesh, Cheema and Sekhon"
762,Chawla VR Headset Max,Electronics,Wearables,33353.45,Chawla and Sons
763,Bava Business Laptop Classic,Electronics,Laptops,98016.13,Bava Group
764,Saxena Premium Biscuits,Grocery,Snacks,752.62,"Saxena, Srinivas and Kunda"
765,Kaul Premium Hair Serum,Beauty,Haircare,2381.09,Kaul Inc
766,Kunda Dress Elite,Fashion,Kids,2549.06,Kunda and Sons
767,Thakur Toothpaste Lite,Grocery,Personal Care,813.52,Thakur Ltd
768,Ganguly-Konda Popcorn Max,Grocery,Snacks,863.28,Ganguly-Konda
769,Tak-Tata Premium Eyeshadow Palette,Beauty,Makeup,878.01,Tak-Tata
770,Bassi Premium Deodorant Spray,Beauty,Fragrance,2781.26,"Bassi, Yadav and Bhavsar"
771,Bedi-Chakraborty Premium Hair Mask,Beauty,Haircare,1763.86,Bedi-Chakraborty
772,Magar Premium Hair Mask,Beauty,Haircare,1721.12,Magar PLC
773,Wali Premium Phone Case,Electronics,Accessories,82084.61,Wali Ltd
774,Dhillon Premium Conditioner,Beauty,Haircare,1777.07,Dhillon Inc
775,Barad Phone Case Premium,Electronics,Accessories,66913.16,"Barad, Keer and Mani"
776,Bansal Soundbar Ultra,Electronics,Audio,31375.64,"Bansal, Rajagopalan and Yohannan"
777,Deol-Sarkar Premium Sculpture,Home,Decor,18467.57,Deol-Sarkar
778,Garg Cold Drink X,Grocery,Beverages,451.29,"Garg, Rau and Goswami"
779,Wason-Kamdar Premium T-Shirt,Fashion,Kids,4378.5,Wason-Kamdar
780,Hari Soap Lite,Grocery,Personal Care,704.9,"Hari, Mannan and Shroff"
781,Guha Premium Sneakers,Fashion,Footwear,694.93,"Guha, Borra and Gera"
782,Jha Tea Elite,Grocery,Beverages,909.28,Jha Group
783,Behl Premium Pan,Home,Kitchen,3487.04,Behl Group
784,Shere Body Wash Ultra,Grocery,Personal Care,761.8,Shere and Sons
785,Comar Duvet Classic,Home,Bedding,15969.39,Comar LLC
786,Sant-Khatri Sweater Premium,Fashion,Men,2096.01,Sant-Khatri
787,Desai Premium Hair Serum,Beauty,Haircare,2316.72,"Desai, Bhat and Raval"
788,Garde-Gupta Premium Power Bank,Electronics,Accessories,71581.8,Garde-Gupta
789,Venkataraman-Tailor Premium Phablet,Electronics,Mobiles,75602.93,Venkataraman-Tailor
790,Sen Hair Mask Essentials,Beauty,Haircare,796.06,"Sen, Chadha and Chawla"
791,Bajwa Blush Lite,Beauty,Makeup,1673.99,Bajwa and Sons
792,Dhingra Oats Pro,Grocery,Staples,444.73,Dhingra and Sons
793,D’Alia Cookies X,Grocery,Snacks,407.3,D’Alia Group
794,Jaggi Premium Smart Glasses,Electronics,Wearables,23344.17,Jaggi Group
795,Comar-Chopra Premium Wheat Flour,Grocery,Staples,801.96,Comar-Chopra
796,Sethi Premium Moisturizer,Beauty,Skincare,2297.78,"Sethi, Char and Shah"
797,Gokhale Premium Slippers,Fashion,Footwear,1898.05,"Gokhale, Basak and Tak"
798,Rastogi Wardrobe V2,Home,Furniture,8937.67,"Rastogi, Rao and Kara"
799,Sharaf Premium Vase,Home,Decor,11822.03,"Sharaf, Buch and Bali"
800,Banerjee Premium Bedsheet Set,Home,Bedding,2732.73,Banerjee LLC
801,Rana Convertible 2-in-1 X,Electronics,Laptops,19955.83,Rana and Sons
802,Shetty-Uppal T-Shirt Lite,Fashion,Kids,4073.25,Shetty-Uppal
803,Tripathi Premium Eyeliner,Beauty,Makeup,2108.11,Tripathi PLC
804,Mann Premium Mirror,Home,Decor,902.88,"Mann, Cherian and Seshadri"
805,Kade Sneakers Lite,Fashion,Kids,1427.36,Kade Group
806,Rau-Dave Premium Hair Gel,Beauty,Haircare,2866.9,Rau-Dave
807,Bajwa Popcorn X,Grocery,Snacks,373.54,Bajwa Ltd
808,Sarkar Biscuits Plus,Grocery,Snacks,640.12,"Sarkar, Subramaniam and Bhardwaj"
809,Som Premium Blush,Beauty,Makeup,538.0,"Som, Batra and Krish"
810,Venkataraman Premium Headphones,Electronics,Audio,8817.23,"Venkataraman, Das and Barad"
811,Barad Night Cream Ultra,Beauty,Skincare,540.72,Barad Inc
812,Vig Premium Hair Serum,Beauty,Haircare,1416.06,"Vig, Bhandari and Aurora"
813,Sinha Jacket X,Fashion,Men,3570.0,"Sinha, Deep and Hayre"
814,Bajwa Premium Handbag,Fashion,Women,522.84,Bajwa LLC
815,Sabharwal Premium Watch,Electronics,Accessories,83700.52,Sabharwal Inc
816,Master-Garde Premium Hair Mask,Beauty,Haircare,2043.32,Master-Garde
817,Yogi-Joshi Feature Phone Plus,Electronics,Mobiles,11646.95,Yogi-Joshi
818,Tak Office Chair Premium,Home,Furniture,9135.59,"Tak, Iyer and Savant"
819,Basu-Anne Gaming Phone Essentials,Electronics,Mobiles,49843.13,Basu-Anne
820,Mahal Premium Dish Soap,Grocery,Household,466.94,Mahal PLC
821,Cheema-Keer Building Blocks Classic,Fashion,Kids,458.59,Cheema-Keer
822,Ravel Premium Sugar,Grocery,Staples,408.5,"Ravel, Chana and Bir"
823,Som-Sastry Premium Mouse,Fashion,Accessories,1202.48,Som-Sastry
824,Contractor Eyeliner X,Beauty,Makeup,2562.83,"Contractor, Tella and Mangat"
825,Shan Premium Shampoo,Beauty,Haircare,560.75,Shan PLC
826,Chacko Premium Building Blocks,Fashion,Kids,4269.4,Chacko LLC
827,Chana Dal Plus,Grocery,Staples,257.26,Chana LLC
828,Lalla-Magar Tea Lite,Grocery,Beverages,332.49,Lalla-Magar
829,Verma Perfume Premium,Beauty,Fragrance,236.06,"Verma, Apte and Korpal"
830,Ram-Taneja MacBook V2,Electronics,Laptops,58589.81,Ram-Taneja
831,Savant Mixer Grinder Lite,Home,Kitchen,10924.76,"Savant, Kamdar and Gokhale"
832,Khalsa-Sundaram Premium Business Laptop,Electronics,Laptops,4978.56,Khalsa-Sundaram
833,Dugar-Dugal Premium Power Bank,Electronics,Accessories,5224.45,Dugar-Dugal
834,Mangal Bed Frame Elite,Home,Furniture,4957.79,Mangal LLC
835,Butala Air Fryer Max,Home,Kitchen,4732.0,"Butala, Malhotra and Mander"
836,Dave Razor Premium,Grocery,Personal Care,912.49,Dave Group
837,Singh Premium Cologne,Beauty,Fragrance,1619.7,Singh Inc
838,Vohra Chromebook Pro,Electronics,Laptops,94572.72,Vohra Ltd
839,Garg-Sani Premium Building Blocks,Fashion,Kids,739.05,Garg-Sani
840,Dayal Premium Jacket,Fashion,Kids,3114.45,Dayal Group
841,Mannan-Sarraf Premium Phablet,Electronics,Mobiles,82121.22,Mannan-Sarraf
842,Viswanathan Building Blocks Premium,Fashion,Kids,3935.12,"Viswanathan, Verma and Bali"
843,Jain Cologne Plus,Beauty,Fragrance,2306.72,Jain Inc
844,Kumar Skirt X,Fashion,Women,2180.3,"Kumar, Deo and Sane"
845,Magar-Sangha Gaming Phone Ultra,Electronics,Mobiles,39431.83,Magar-Sangha
846,Mallick Premium Toaster,Home,Kitchen,1233.87,Mallick and Sons
847,Bumb Premium Popcorn,Grocery,Snacks,836.38,Bumb and Sons
848,Saxena Phone Case X,Electronics,Accessories,12723.57,"Saxena, Deol and Sane"
849,Ravel-Mangat Phone Case Pro,Fashion,Accessories,1775.46,Ravel-Mangat
850,Dewan-Karan Premium Wireless Earbuds,Electronics,Audio,93564.36,Dewan-Karan
851,Sunder Premium Face Wash,Beauty,Skincare,2629.69,"Sunder, Dora and Loyal"
852,Lala-Goel Cutlery Set Max,Home,Kitchen,7213.94,Lala-Goel
853,Hora Knife Set Lite,Home,Kitchen,8260.18,"Hora, Sood and Rao"
854,Dubey Sunscreen Pro,Beauty,Skincare,2872.65,"Dubey, Dora and Gala"
855,Sarma Premium Dress,Fashion,Kids,3164.26,Sarma LLC
856,Bhargava Shirt Elite,Fashion,Men,1990.74,Bhargava Ltd
857,Kata-Boase Face Wash Pro,Beauty,Skincare,1979.44,Kata-Boase
858,Sharaf Sandals Elite,Fashion,Footwear,2893.9,"Sharaf, Raj and Batra"
859,Bhatti-Gupta Smartwatch Elite,Electronics,Wearables,8640.35,Bhatti-Gupta
860,Bala Premium Duvet,Home,Bedding,12511.67,"Bala, Khatri and Balay"
861,Chaudhuri Premium Gaming Laptop,Electronics,Laptops,41995.55,Chaudhuri PLC
862,Deshmukh Body Mist V2,Beauty,Fragrance,1000.05,Deshmukh and Sons
863,Bhattacharyya Bed Frame Plus,Home,Furniture,1866.04,"Bhattacharyya, Kannan and Jaggi"
864,Saini-Issac Shampoo Classic,Beauty,Haircare,805.42,Saini-Issac
865,Sinha Premium Cookies,Grocery,Snacks,69.22,Sinha and Sons
866,Sha Fitness Band Plus,Electronics,Wearables,44751.49,Sha PLC
867,Edwin-Deo Toner Max,Beauty,Skincare,2600.33,Edwin-Deo
868,Shankar-Ray Premium Smartphone,Electronics,Mobiles,33847.59,Shankar-Ray
869,Wason Premium Duvet,Home,Bedding,14192.11,Wason LLC
870,Mangal Premium Vase,Home,Decor,16924.73,"Mangal, Sood and Bhalla"
871,Kant Cold Drink X,Grocery,Beverages,670.39,Kant and Sons
872,Tata Eyeshadow Palette Max,Beauty,Makeup,1768.61,Tata Group
873,Kannan-Ray Premium Bedsheet Set,Home,Bedding,15569.33,Kannan-Ray
874,Chopra Premium Oats,Grocery,Staples,800.6,"Chopra, Balan and Rao"
875,Karpe Gaming Laptop Max,Electronics,Laptops,9176.78,"Karpe, Mand and Arya"
876,Varkey Rug Elite,Home,Decor,1609.45,Varkey PLC
877,Seshadri Rice Ultra,Grocery,Staples,143.79,"Seshadri, Chhabra and Datta"
878,Mammen-Hora Deodorant Pro,Grocery,Personal Care,825.57,Mammen-Hora
879,Bal Deodorant Spray Ultra,Beauty,Fragrance,1166.34,Bal Ltd
880,Garg-Cherian Premium Jacket,Fashion,Kids,1352.7,Garg-Cherian
881,Bhardwaj Air Freshener Lite,Grocery,Household,259.95,"Bhardwaj, Taneja and Ram"
882,Sidhu Heels X,Fashion,Women,820.64,Sidhu Ltd
883,Manne Sandals Essentials,Fashion,Footwear,772.74,"Manne, Chandran and Maharaj"
884,Kuruvilla Cushion Cover Max,Home,Decor,5296.26,Kuruvilla Ltd
885,Tata Premium Deodorant,Grocery,Personal Care,183.31,"Tata, Barman and Kumer"
886,Cheema Premium Saree,Fashion,Women,629.53,"Cheema, Wagle and Sengupta"
887,Ahuja-Kant Premium Wardrobe,Home,Furniture,15230.53,Ahuja-Kant
888,Rastogi Premium Floor Cleaner,Grocery,Household,447.18,Rastogi PLC
889,Lata-Ray Cologne Elite,Beauty,Fragrance,1005.41,Lata-Ray
890,Gara-Ahluwalia Scarf Ultra,Fashion,Accessories,1773.84,Gara-Ahluwalia
891,Badami-Hayre Curtains Max,Home,Decor,7948.52,Badami-Hayre
892,Bhargava Rug Lite,Home,Decor,19439.18,"Bhargava, Ghose and Batta"
893,Bassi Premium Top,Fashion,Women,911.15,"Bassi, Deo and Johal"
894,Karpe Premium Body Lotion,Beauty,Skincare,2197.92,Karpe PLC
895,Hora-Solanki Premium Cookies,Grocery,Snacks,696.47,Hora-Solanki
896,Jani Wall Art Pro,Home,Decor,7795.01,"Jani, Buch and Banik"
897,Sastry-Shetty Chromebook Classic,Electronics,Laptops,71821.57,Sastry-Shetty
898,Buch-Sandal Premium Top,Fashion,Women,516.9,Buch-Sandal
899,Vora-Sehgal Cold Drink Premium,Grocery,Beverages,596.03,Vora-Sehgal
900,Dubey Premium Salt,Grocery,Staples,643.04,Dubey and Sons
901,Thakkar Wall Art Classic,Home,Decor,18737.91,"Thakkar, Bhatia and Yohannan"
902,Desai-Viswanathan Charger V2,Electronics,Accessories,79506.01,Desai-Viswanathan
903,Jayaraman-Vig Premium Attar,Beauty,Fragrance,1307.91,Jayaraman-Vig
904,Barman-Savant Duvet Max,Home,Bedding,4287.17,Barman-Savant
905,Rajagopalan-Ramachandran Boots Lite,Fashion,Footwear,2080.68,Rajagopalan-Ramachandran
906,Garg-Chaudry Premium Comforter,Home,Bedding,1175.4,Garg-Chaudry
907,Badal Premium Conditioner,Beauty,Haircare,2157.08,"Badal, Banerjee and Divan"
908,Hans-Shere Premium Hair Serum,Beauty,Haircare,841.65,Hans-Shere
909,Dara Premium Garbage Bags,Grocery,Household,269.44,Dara PLC
910,Dyal-Gaba Premium TV Unit,Home,Furniture,897.79,Dyal-Gaba
911,Ganesan-Sura Premium T-Shirt,Fashion,Men,4527.27,Ganesan-Sura
912,Basu Premium Hair Mask,Beauty,Haircare,630.09,Basu and Sons
913,Bobal Premium Comforter,Home,Bedding,8268.55,"Bobal, Boase and Bansal"
914,Sankar Curtains Classic,Home,Decor,9553.95,"Sankar, Sura and Lad"
915,Krishnamurthy Premium Smart Glasses,Electronics,Wearables,61653.69,"Krishnamurthy, Dixit and Mammen"
916,Chaudry Garbage Bags X,Grocery,Household,263.83,Chaudry Inc
917,Bala Premium Dish Soap,Grocery,Household,768.56,Bala LLC
918,Das Premium Saree,Fashion,Women,980.54,"Das, Bala and Malhotra"
919,Lad Premium Mixer Grinder,Home,Kitchen,725.45,"Lad, Ranganathan and Sawhney"
920,Arora Premium Mouse,Fashion,Accessories,4666.05,Arora PLC
921,Borra Premium Deodorant Spray,Beauty,Fragrance,955.22,"Borra, Sachdeva and Chanda"
922,Sawhney Premium Dinner Set,Home,Kitchen,14652.12,Sawhney Inc
923,Sekhon Popcorn Lite,Grocery,Snacks,71.18,Sekhon LLC
924,Tailor Air Freshener Ultra,Grocery,Household,255.65,Tailor Group
925,Jani-Srinivas Boots Pro,Fashion,Footwear,1507.4,Jani-Srinivas
926,Kanda Premium Cold Drink,Grocery,Beverages,236.42,"Kanda, Bajaj and Tank"
927,Jaggi Phablet Max,Electronics,Mobiles,69145.47,"Jaggi, Virk and Lanka"
928,Sarin Toner Essentials,Beauty,Skincare,1144.21,Sarin PLC
929,Majumdar Premium Jeans,Fashion,Women,1220.86,Majumdar and Sons
930,Sathe-Jayaraman Premium Phablet,Electronics,Mobiles,28733.22,Sathe-Jayaraman
931,Dhillon-Balan Premium Garbage Bags,Grocery,Household,546.67,Dhillon-Balan
932,Andra Boots Premium,Fashion,Footwear,2641.96,"Andra, Sama and Aggarwal"
933,Saini Shaving Cream Elite,Grocery,Personal Care,151.31,"Saini, Khosla and Kohli"
934,Gade Hair Dryer Essentials,Beauty,Haircare,1676.55,Gade Ltd
935,Mannan-Sahni VR Headset Elite,Electronics,Wearables,82091.42,Mannan-Sahni
936,Chanda-Goswami Soap Max,Grocery,Personal Care,493.73,Chanda-Goswami
937,Thakkar Premium Cooking Oil,Grocery,Staples,698.28,"Thakkar, Ram and Gill"
938,Andra Premium Mineral Water,Grocery,Beverages,826.9,"Andra, Setty and Bhardwaj"
939,Bath Jacket Classic,Fashion,Kids,3385.47,Bath and Sons
940,Ganesan-Chandra Premium Sugar,Grocery,Staples,646.62,Ganesan-Chandra
941,Bhargava Headphones Lite,Electronics,Audio,65532.65,Bhargava and Sons
942,Choudhry-Date Premium Feature Phone,Electronics,Mobiles,80917.4,Choudhry-Date
943,Chaudhary Soundbar X,Electronics,Audio,36847.83,"Chaudhary, Kalita and Sethi"
944,Hayer-Kala Toy Robot Classic,Fashion,Kids,1727.95,Hayer-Kala
945,Choudhry Premium Hair Serum,Beauty,Haircare,1945.04,"Choudhry, Kaul and Balasubramanian"
946,Khanna-Ravel Rice Max,Grocery,Staples,842.63,Khanna-Ravel
947,Kalla-Dixit Premium Razor,Grocery,Personal Care,499.21,Kalla-Dixit
948,Apte-Cheema Namkeen Premium,Grocery,Snacks,200.01,Apte-Cheema
949,Bassi Premium Boots,Fashion,Footwear,3076.62,"Bassi, Desai and Kurian"
950,Chand Wall Art Premium,Home,Decor,18341.0,Chand Inc
951,Rao Premium USB Cable,Electronics,Accessories,13530.93,Rao Ltd
952,Suresh-Gandhi Premium Detergent,Grocery,Household,374.43,Suresh-Gandhi
953,Koshy Premium Cap,Fashion,Accessories,4247.96,"Koshy, Chana and Andra"
954,Grover-Dutta Fitness Band Lite,Electronics,Wearables,68049.58,Grover-Dutta
955,Bumb Premium Shaving Cream,Grocery,Personal Care,365.06,Bumb Inc
956,Tailor-Shah Premium Heels,Fashion,Women,1857.45,Tailor-Shah
957,Sachar Premium Smart Glasses,Electronics,Wearables,86196.91,"Sachar, Sood and Sood"
958,Tripathi Premium MacBook,Electronics,Laptops,66479.0,"Tripathi, Gaba and Wable"
959,Dutt-Acharya Shirt V2,Fashion,Men,2975.83,Dutt-Acharya
960,Hari Premium Hair Serum,Beauty,Haircare,2161.44,Hari PLC
961,Sur-Gour Premium Chips,Grocery,Snacks,940.9,Sur-Gour
962,Goda Loafers Max,Fashion,Footwear,4413.07,Goda PLC
963,Seth Premium Blanket,Home,Bedding,11492.91,Seth Group
964,Kashyap Premium Bookshelf,Home,Furniture,7209.56,Kashyap and Sons
965,Mammen Blush Premium,Beauty,Makeup,334.4,Mammen PLC
966,Srinivas-Mann Premium Pillow Covers,Home,Bedding,12682.85,Srinivas-Mann
967,Chaudhry Premium Scarf,Electronics,Accessories,11436.91,"Chaudhry, Mann and Borde"
968,Thaker Headphones Premium,Electronics,Audio,46398.51,"Thaker, Lata and Ravel"
969,Setty Coffee Table V2,Home,Furniture,1599.15,"Setty, Sawhney and Sawhney"
970,Vora-Hari Premium Jeans,Fashion,Women,1601.3,Vora-Hari
971,Mann Premium Dinner Set,Home,Kitchen,16644.55,"Mann, Lalla and Amble"
972,Aurora Slippers Ultra,Fashion,Footwear,4199.34,Aurora Group
973,Sane Premium Gaming Phone,Electronics,Mobiles,38008.45,"Sane, Garde and Sodhi"
974,Chana Premium Soundbar,Electronics,Audio,87194.01,"Chana, Lanka and Gera"
975,Dugal-Sha Body Lotion Elite,Beauty,Skincare,1866.17,Dugal-Sha
976,Babu Premium Office Chair,Home,Furniture,4961.91,Babu LLC
977,Sahota Premium Dinner Set,Home,Kitchen,10027.04,Sahota and Sons
978,Kala Premium USB Cable,Fashion,Accessories,1698.37,"Kala, Behl and Datta"
979,Kalita Premium Pillow Covers,Home,Bedding,17777.29,Kalita and Sons
980,Kapadia Dish Soap Essentials,Grocery,Household,676.34,"Kapadia, Andra and Karpe"
981,Buch Premium Earphones,Electronics,Audio,5520.08,"Buch, Kothari and De"
982,Boase Premium Tissue Paper,Grocery,Household,411.98,"Boase, Wason and Atwal"
983,Vohra Premium Oats,Grocery,Staples,658.44,Vohra Ltd
984,Varma Premium Wall Art,Home,Decor,6782.28,"Varma, Ghosh and Bala"
985,Sachar Premium Dish Soap,Grocery,Household,404.47,Sachar PLC
986,Suri-Srivastava Premium Ultrabook,Electronics,Laptops,42054.21,Suri-Srivastava
987,Wali Chromebook V2,Electronics,Laptops,10441.41,Wali Group
988,Rana Keyboard Premium,Fashion,Accessories,1377.24,"Rana, Comar and Ramachandran"
989,Khalsa-Sha Premium Rice,Grocery,Staples,606.24,Khalsa-Sha
990,Kunda VR Headset Elite,Electronics,Wearables,66566.5,"Kunda, Uppal and Barman"
991,Deep Sneakers Premium,Fashion,Footwear,2672.02,Deep PLC
992,Master-Bedi Sugar Max,Grocery,Staples,970.94,Master-Bedi
993,Som-Raju Bookshelf Plus,Home,Furniture,15636.22,Som-Raju
994,Shanker Premium Soap,Grocery,Personal Care,422.71,Shanker LLC
995,Chada-Wadhwa Perfume Premium,Beauty,Fragrance,1819.92,Chada-Wadhwa
996,Mall-Shukla Premium Face Wash,Beauty,Skincare,1388.99,Mall-Shukla
997,Lal-Dhaliwal Slippers V2,Fashion,Footwear,1888.7,Lal-Dhaliwal
998,Bains Mouse V2,Electronics,Accessories,14190.45,"Bains, Dube and Ben"
999,Krish-Ben Premium Toothpaste,Grocery,Personal Care,103.22,Krish-Ben
1000,Aggarwal-Sangha Comforter Lite,Home,Bedding,9465.12,Aggarwal-Sangha
